Job Title,Company,Location,Experience,Min Experience,Max Experience,Salary Label,Min Salary (INR),Max Salary (INR),Job Role,Skills
Data Analyst,Tele Infotech,Pimpri-Chinchwad,0-1 Yrs,0,1,2.5-5 Lacs,250000.0,500000.0,Data Science & Analytics - Other,"Large Databases, Google Data Studio, Data Management, Data Cleansing, Tableau, Looker, Machine Learning, Statistics, Data Analysis Expressions, MS Office Suite, Power Bi"
Data Analyst,Tele Infotech,Pimpri-Chinchwad,0-2 Yrs,0,2,2.75-5 Lacs,275000.0,500000.0,Data Science & Analytics - Other,"Large Databases, Google Data Studio, data vis, Data Interpretation, Data Management, Data Cleansing, Tableau, Looker, data ana, Google Suite, Google Sheets"
Data Analyst,Tele Infotech,Pimpri-Chinchwad,0-2 Yrs,0,2,2-5 Lacs,200000.0,500000.0,Data Science & Analytics - Other,"Large Databases, Google Data Studio, Data Management, Data Cleansing, Tableau, Looker, Machine Learning, Statistics, Data Analysis Expressions, MS Office Suite, Power Bi"
Data Analyst (English Required),Peroptyx,Mumbai (All Areas),0-5 Yrs,0,5,Not Disclosed,0.0,0.0,Data Science & Analytics - Other,"English, Data Analytics, Data Mapping, Data Analysis"
Walk-in || Data Analyst/AI-ML,Codepanda Academy,Noida,1-6 Yrs,1,6,4.5-9.5 Lacs,450000.0,950000.0,Data Scientist,"Artificial Intelligence, Data Analysis, Aiml, Data Analytics, Machine Learning, Data Science"
Data Analyst,Careernet,Hyderabad,5-8 Yrs,5,8,Not Disclosed,0.0,0.0,Data Analyst,Data Management
Fresher - Data Analyst,Gravitix Tech Solutions Inc,Visakhapatnam,0-1 Yrs,0,1,Not Disclosed,0.0,0.0,Data Analyst,"Computer science, Data analysis, Data validation, Data modeling, Analytical, data visualization, Business intelligence, Internship, SQL, Python"
Data Analyst,Irama Global Services,Uzbekistan,0-2 Yrs,0,2,Not Disclosed,0.0,0.0,Data Science & Analytics - Other,"Data Analysis, Advanced Ms Excel, SQL, SAP"
Online Data Analyst - Kannada,TELUS Digital,Bengaluru,0-2 Yrs,0,2,Not Disclosed,0.0,0.0,Data Analyst,"Online Data Analysis, quality assurance, AI models, machine learning, Data Analysis"
Data Analyst,Pinkerton,Gurugram,2-5 Yrs,2,5,Not Disclosed,0.0,0.0,Data Analyst,"python, data analysis, data analytics, analytical, insights, strong analytical skills, data integrity, dashboards, data collection, sql"
Data Analyst Defence Tender & Procurement,Crystal Works,New Delhi,3-8 Yrs,3,8,3.5-4.75 Lacs,350000.0,475000.0,Data Science & Analytics - Other,"Advanced Analytics, Analytics, Defence, Data Analytics"
Data Analyst,CGI,Hyderabad,5-8 Yrs,5,8,Not Disclosed,0.0,0.0,Data Science & Analytics - Other,"Statistical Modeling, Data Visualization"
Data Analyst,Shell Infotech,Gandhinagar,2-4 Yrs,2,4,3-4 Lacs,300000.0,400000.0,Data Science & Analytics - Other,Data Management
Data Analyst,Innova Solutions,Hyderabad,7-12 Yrs,7,12,Not Disclosed,0.0,0.0,Data Analyst,"Segmentation, Data Analysis, Banking Analytics"
Data Analyst,Inito,Bengaluru,1-3 Yrs,1,3,Not Disclosed,0.0,0.0,Data Analyst,"database maintenance, python, macros, data analysis, data analytics, data mining, predictive analytics, power bi, process improvement, machine learning"
Data Analyst,Moder Solutions,Bengaluru,1-6 Yrs,1,6,3-7 Lacs,300000.0,700000.0,"BFSI, Investments & Trading - Other","Data Validation, Power Bi, Data Visualization, Data Extraction, SQL, Data Analytics"
Data Analyst,SKP Knowledge Services,Erode,1-2 Yrs,1,2,Not Disclosed,0.0,0.0,Data Analyst,"database maintenance, data analysis, data analytics, pivot table, business analysis, problem solving, process improvement, vlookup, dashboards, data collection"
Data Analyst,ABB,Bengaluru,2-4 Yrs,2,4,Not Disclosed,0.0,0.0,Data Analyst,"Business Intelligence, Automation, Data Engineering, Power Bi, Finance, Programming, Data Collection, Tableau, Analytics, Sql, Data Analyst"
Data Analyst,Talent Corner Hr Services,Bengaluru,2-4 Yrs,2,4,4-8 Lacs,400000.0,800000.0,Data Analyst,"Data Analytics, Power Query, SQL, Python, Power Bi"
DATA ANALYST,Godigi Infotech,Pune,0-1 Yrs,0,1,Unpaid,,,Data Analyst,"Data analysis, MySQL, Data collection, Data processing, power bi, Data quality, Data analytics, Data mining, Internship, SQL"
Data Analyst,ABB,Bengaluru,2-4 Yrs,2,4,Not Disclosed,0.0,0.0,Data Analyst,"Business Intelligence, Automation, Data Engineering, Power Bi, Finance, Programming, Data Collection, Tableau, Analytics, Sql, Data Analyst"
DATA ANALYST,Godigi Infotech,Pune,0-1 Yrs,0,1,Unpaid,,,Data Analyst,"Data analysis, MySQL, Data collection, Data processing, power bi, Data quality, Data analytics, Data mining, Internship, SQL"
Data Analyst,Bima Kavach,Bengaluru,1-3 Yrs,1,3,Not Disclosed,0.0,0.0,Data Analyst,"database maintenance, python, data analysis, data analytics, predictive analytics, problem solving, machine learning, dashboards, sql, excel"
Data Analyst,Moder Solutions,Bengaluru,1-6 Yrs,1,6,3-7 Lacs,300000.0,700000.0,"BFSI, Investments & Trading - Other","Data Validation, Power Bi, Data Visualization, Data Extraction, SQL, Data Analytics"
Procurement Data Analyst,Empoweringcpo Services,Ahmedabad,1-3 Yrs,1,3,3-4.5 Lacs,300000.0,450000.0,Data Analyst,"Spend Analysis, Data Analytics, Excel Report Preparation, Strategic Sourcing"
Data Analyst,Talent Corner Hr Services,Bengaluru,2-4 Yrs,2,4,4-8 Lacs,400000.0,800000.0,Data Analyst,"Data Analytics, Power Query, SQL, Python, Power Bi"
Data Analyst,the Sleep Company,Mumbai,2-3 Yrs,2,3,Not Disclosed,0.0,0.0,Data Science & Analytics - Other,"Data Analysis, Data Analytics"
Data Analyst,bp,Pune,3-6 Yrs,3,6,12-15 Lacs,1200000.0,1500000.0,Data Analyst,"Sql Joins, Dashboards, Power Bi"
Data Analyst,Inito,Bengaluru,1-3 Yrs,1,3,Not Disclosed,0.0,0.0,Data Analyst,"database maintenance, python, macros, data analysis, data analytics, data mining, predictive analytics, power bi, process improvement, machine learning"
Data Analyst,SKP Knowledge Services,Erode,1-2 Yrs,1,2,Not Disclosed,0.0,0.0,Data Analyst,"database maintenance, data analysis, data analytics, pivot table, business analysis, problem solving, process improvement, vlookup, dashboards, data collection"
Online Data Analyst Odia (IN),TELUS Digital,India,0-5 Yrs,0,5,Not Disclosed,0.0,0.0,Data Analyst,"Language Editing, Power Bi, Artificial Intelligence, Content Writing, content, editing, Teaching, Content Editing, language expert, Data Analytics, Oriya"
Data Analyst,Fairdeal Market,Gurugram,2-4 Yrs,2,4,Not Disclosed,0.0,0.0,Data Analyst,"database maintenance, python, macros, data analysis, data analytics, predictive analytics, power bi, dashboards, sql, excel"
Data Analyst,Northern Arc Capital,Chennai,2-4 Yrs,2,4,7-10 Lacs,700000.0,1000000.0,Data Engineer,"SQL, Data Analytics"
Data Analyst,AMS,Pune,2-7 Yrs,2,7,Not Disclosed,0.0,0.0,Data Analyst,"Power Bi, Data Visualization, Dashboards, Data Mining"
Data Analyst,Prospect Info Solution,Noida,1-5 Yrs,1,5,Not Disclosed,0.0,0.0,Data Analyst,"python, macros, data analysis, data analytics, data management, data mining, predictive analytics, power bi, machine learning, sql"
Data Analyst,Share India Fincap Pvt Ltd.,Noida,2-5 Yrs,2,5,3.5-5 Lacs,350000.0,500000.0,Analyst - Financial Planning & Analysis,"Dax Queries, Financial Analysis, Financial Reporting, Oracle SQL, Python Framework, Python Data Analytics, Technical Analysis, Advanced Excel, Power Bi"
Data Analyst,TMF Group,Pune,4-9 Yrs,4,9,Not Disclosed,0.0,0.0,Finance - Other,"Financial Analysis, Power Bi, Data Analysis, Data Analytics, Excel"
Data Analyst,Lloyds Offshore Global Services,Hyderabad,8-15 Yrs,8,15,Not Disclosed,0.0,0.0,Data Analyst,"Customer Advisor, Change management, Data management, Management systems, IT security, Strategic planning, Support services, Data Analyst, Data analytics, Risk management"
Data Analyst,Innova Solutions,Hyderabad,7-12 Yrs,7,12,Not Disclosed,0.0,0.0,Data Analyst,"Segmentation, Data Analysis, Banking Analytics"
Data Analyst (With Python),Coforge,Noida,2-4 Yrs,2,4,Not Disclosed,0.0,0.0,Data Analyst,"Healthcare Domain, python, Tableau, ETL, Data Analytics, Power Bi"
Data Analyst,ADA Global,Bengaluru,0-1 Yrs,0,1,Not Disclosed,0.0,0.0,Data Analyst,"python, data analysis, data analytics, power bi, data warehousing, dashboards, business intelligence, sql, excel, tableau"
Data Analyst,Cognizant,Hyderabad,4-9 Yrs,4,9,Not Disclosed,0.0,0.0,Data Science & Analytics - Other,"SQL, Tableau"
Data Analyst,Sisco Jobs,Thrissur,0-1 Yrs,0,1,Not Disclosed,0.0,0.0,Data Analyst,"IT services, QA, Basic, Data analysis, Manager Quality Assurance, Analytical, Data collection, Data processing, Data Analyst, Analytics"
Data Analyst,CES LTD,Hyderabad,3-6 Yrs,3,6,Not Disclosed,0.0,0.0,Data Platform Engineer,Data Visualization
Data Analyst,Edgemed Healthcare,Mumbai,1-4 Yrs,1,4,Not Disclosed,0.0,0.0,Data Analyst,"database maintenance, python, data analysis, data analytics, sas, predictive analytics, problem solving, process improvement, machine learning, sql"
Data Analyst,Ample Softech System,Nagpur,0-3 Yrs,0,3,"50,000-2.5 Lacs",50000.0,250000.0,Data Analyst,"Data Management, Tableau, SQL, Power Bi"
Data Scientist / Data Engineer / Data Analyst,Indium Corporation,Remote,5-10 Yrs,5,10,Not Disclosed,0.0,0.0,Data Engineer,"IT services, Performance tuning, GIT, Data modeling, Analytical, Machine learning, Data processing, Apache, Monitoring, Python"
Data Analyst,BVC Logistics,Mumbai (All Areas),2-5 Yrs,2,5,Not Disclosed,0.0,0.0,Data Science & Analytics - Other,"Data Analysis, Tableau, Data Analytics"
Data Analyst,Movate Technologies,Gurugram,5-7 Yrs,5,7,18-20 Lacs,1800000.0,2000000.0,Data Engineer,"Snowflake, Data Analysis, Tableau, Sigma Js, Python, SQL, Power Bi"
Data Analyst,Ascendion Engineering,Mumbai,2-7 Yrs,2,7,Not Disclosed,0.0,0.0,Data Analyst,"MS Office Suite, Cognos, Tableau, Data Mining"
Data Analyst,NNE,Bengaluru,2-7 Yrs,2,7,Not Disclosed,0.0,0.0,Data Analyst,"Computer science, Pharma, Analytical, Business analytics, power bi, microsoft, Business intelligence, SQL, Python, Visual Design"
Data Analyst,KMZ Services,Mumbai (All Areas),4-9 Yrs,4,9,13-17 Lacs,1300000.0,1700000.0,Data Science & Analytics - Other,Kafka
Data Analyst (IoT),Log9 Materials,Bengaluru,0-6 Yrs,0,6,Not Disclosed,0.0,0.0,Data Analyst,"SAS, big data analytics, Data Analyst, Customer service, Business intelligence, Macros, Analytics, Reporting tools, SQL, Python"
Data Analyst,Themathcompany,Bengaluru,4-6 Yrs,4,6,Not Disclosed,0.0,0.0,Data Analyst,"SAP, Data modeling, Analytical, Machine learning, Data quality, Troubleshooting, JIRA, Analytics, SQL, Python"
Data Analyst,Cradlepoint,Noida,6-11 Yrs,6,11,Not Disclosed,0.0,0.0,Data Analyst,"Telecom, Data analysis, Automation, Analytical, Process improvement, Operations, SAP BI, Auditing, Service operations, Python"
Salesforce Data Analyst,Luxoft,Pune,3-7 Yrs,3,7,Not Disclosed,0.0,0.0,Data Analyst,"data analytics, data analysis, sla, sla tracking, data migration, subject matter expert, financial services, reconciliation, salesforce, analytics, data analyst"
Data Analyst,Acciojob,Chennai,0-2 Yrs,0,2,4-9 Lacs,400000.0,900000.0,Data Science & Analytics - Other,"Power Bi, Statistics, Python, SQL, Data Analytics"
Data Analyst,Acciojob,Noida,0-2 Yrs,0,2,4-9 Lacs,400000.0,900000.0,Data Science & Analytics - Other,"Data Analysis, Data Visualization, Machine Learning, Python, Power Bi"
Data Analyst,City Montessori School (CMS),Lucknow,0-3 Yrs,0,3,Not Disclosed,0.0,0.0,Data Science & Analytics - Other,"GOOGLE LOOKER, Artificial Intelligence, SQL, Data Analysis, Statistical Modeling, Data Visualization, Dashboard Development, Data Analytics, Data Reporting, Power Bi"
Data Analyst,ti Steps,Mumbai (All Areas),3-8 Yrs,3,8,3-5.5 Lacs,300000.0,550000.0,Data Analyst,"Bi, Data Visualization, Data Analysis"
Data Analyst (English Required),Peroptyx,Delhi / NCR,0-5 Yrs,0,5,Not Disclosed,0.0,0.0,Data Science & Analytics - Other,"English, Data Analytics, Data Mapping, Data Analysis"
Data Analyst,PERSOL,Gurugram,0 Yrs,0,0,6 Lacs,600000.0,600000.0,Data Analyst,"Communication Skills, Excel, Data Analysis, Power Bi"
Data Analyst,Wissen Technology,Bengaluru,4-7 Yrs,4,7,10-20 Lacs,1000000.0,2000000.0,"BFSI, Investments & Trading - Other","Data Validation, Power Bi, UAT, MIS Reporting, Python"
Data Analyst Course,Eduluk,New Delhi,0-3 Yrs,0,3,Not Disclosed,0.0,0.0,Data Analyst,"master data, metadata, python, data analysis, data management, data analytics, data validation, configuration, data mining, data integrity"
Data Analyst,Wipro,Bengaluru,2-4 Yrs,2,4,5-12 Lacs,500000.0,1200000.0,Data Analyst,"Tableau, Finance"
Data analyst,Inginit,Mumbai,0-3 Yrs,0,3,Not Disclosed,0.0,0.0,Data Analyst,"master data, metadata, python, data analysis, data management, data analytics, data validation, configuration, data mining, data integrity"
Data Analyst,CGI,Hyderabad,4-8 Yrs,4,8,8-16 Lacs,800000.0,1600000.0,Data Science & Analytics - Other,Data Analysis
Data Analyst,Clustor Computing,Nagpur,0-2 Yrs,0,2,Not Disclosed,0.0,0.0,Data Analyst,"Analytical skills, Data analysis, Manager Quality Assurance, data science, power bi, Data analytics, data visualization, digital transformation, SQL, Python"
Data Analyst,E4 Softwares,Mumbai,0-3 Yrs,0,3,Not Disclosed,0.0,0.0,Data Analyst,"python, data analysis, data analytics, sas, natural language processing, data mining, predictive analytics, process improvement, machine learning, sql"
Data Analyst,Ebizneeds (India) Internet Solutions Pvt. Ltd,Jaipur,0-3 Yrs,0,3,Not Disclosed,0.0,0.0,Data Analyst,"master data, metadata, python, data analysis, data management, data analytics, data validation, configuration, data mining, data integrity"
Data Analyst,Maven Marketing,Chennai,0-7 Yrs,0,7,Not Disclosed,0.0,0.0,Data Analyst,"database maintenance, python, data analysis, data management, data analytics, problem solving, dashboards, sql, excel, data quality"
Data Analyst,Vipsa Talent Solutions,Bengaluru,4-6 Yrs,4,6,Not Disclosed,0.0,0.0,IT & Information Security - Other,"Life Sciences, Pharmaceutical, Market Mix Modelling"
Data Engineer / Analyst,We Shine Academy,Chennai,0-3 Yrs,0,3,Not Disclosed,0.0,0.0,Data Engineer,"hive, python, data analysis, data analytics, oracle, scala, data mining, data warehousing, power bi, microsoft azure"
Data Analyst,Legistify,Gurugram,0-1 Yrs,0,1,Not Disclosed,0.0,0.0,Data Analyst,"metadata, python, data analysis, data management, data analytics, data validation, configuration, data mining, data integrity, dashboards"
Data Analyst (Deployment),Legistify,Gurugram,0-2 Yrs,0,2,Not Disclosed,0.0,0.0,Data Analyst,"metadata, python, data analysis, data management, data analytics, data validation, configuration, data mining, data integrity, dashboards"
GPS Tracking & Fleet Data Analyst (Remote),Gvmc Global,India,2-5 Yrs,2,5,3-4.25 Lacs,300000.0,425000.0,Data Science & Analytics - Other,"Google Sheets, Power Bi, AI Tools & Automation, Fleet Management, Operational Analytics, Advanced Excel, Tableau, GPS Tracking & Monitoring"
Data Analyst,VVF,Mumbai (All Areas),4-8 Yrs,4,8,Not Disclosed,0.0,0.0,Other,Tracking
Turbine Data Analyst,Vestas,Chennai,3-8 Yrs,3,8,Not Disclosed,0.0,0.0,Data Analyst,"business intelligence reporting, SAP, Social media, Turbine, MS Office tools, Database, power bi, wind energy, data visualization, Recruitment"
Data Analyst,Sopra Steria,Noida,3-5 Yrs,3,5,Not Disclosed,0.0,0.0,Database Analyst,"development, design documents, oracle, data analysis, data warehousing, oracle fusion, plsql, sql, functional consultancy, oracle data integrator"
Data Analyst,Concept Kart,New Delhi,0-4 Yrs,0,4,3-4 Lacs,300000.0,400000.0,Technology / IT - Other,"Power Bi, Data Analytics, SQL, Data Analysis"
Fresher - Data Analyst,Zyphra Tech Solutions Inc,Hyderabad,1-6 Yrs,1,6,Unpaid,,,Data Analyst,"Computer science, Data analysis, Data validation, Data modeling, Staffing, Business intelligence, Internship, SQL, Python, Recruitment"
Data Analyst,Wissen Technology,Bengaluru,2-6 Yrs,2,6,Not Disclosed,0.0,0.0,Data Analyst,"VBA, Macros, Excel"
Data Analyst,Wissen Technology,Bengaluru,4-7 Yrs,4,7,Not Disclosed,0.0,0.0,"BFSI, Investments & Trading - Other","Excel, Seismic, UAT, MIS Reporting, Data Validation"
Data Analyst,Indium Corporation,Bengaluru,2-5 Yrs,2,5,Not Disclosed,0.0,0.0,Data Analyst,"IT services, Data analysis, tableau, power bi, Data Analyst, data visualization, Stakeholder management, SQL, Python, performance measurement"
Data Analyst,Indium Corporation,Bengaluru,2-5 Yrs,2,5,Not Disclosed,0.0,0.0,Data Analyst,"IT services, SQL queries, Automation, Data analysis, Usage, Analytical, Data Analyst, Management, Python, Data extraction"
Data Analyst,Tata Consultancy Services,Pune,4-8 Yrs,4,8,25-40 Lacs,2500000.0,4000000.0,IT & Information Security - Other,"Hadoop, GCP, Data Analysis, Spark, ETL, Azzure, AWS, Python, Power Bi"
Data Analyst,Nestle,Gurugram,1-3 Yrs,1,3,Not Disclosed,0.0,0.0,Data Science & Analytics - Other,Mis Analysis
Data Analyst,Wissen Technology,Bengaluru,2-6 Yrs,2,6,Not Disclosed,0.0,0.0,Data Analyst,"python, data analysis, analytical, data validation, workflow, data mining, verbal communication, uat, data mapping, financial services"
Data Analyst - 5th Mar (Thursday)- Virtual Interview- Pan India,Tata Consultancy Services,Kolkata,8-13 Yrs,8,13,Not Disclosed,0.0,0.0,Data Analyst,"Power Bi, Data Modeling, Azure Synapse"
Data Analyst,Rentomojo,Bengaluru,2-5 Yrs,2,5,Not Disclosed,0.0,0.0,Data Analyst,"Automation, Data modeling, Analytical, Postgresql, MySQL, Schema, Data processing, Operations, Analytics, SQL"
Data Analyst - Noida,Optum,Noida,4-8 Yrs,4,8,16-25 Lacs,1600000.0,2500000.0,Data Analyst,"kubernetes, ADF, Terraform, databrick, Blob Storage, HDInsight or HD insight, Microservices, hive"
Data Analyst,Statusneo Technology Consulting,Gurugram,3-8 Yrs,3,8,6-13 Lacs,600000.0,1300000.0,Data Analyst,Snowflake
Data Integration Analyst,Alstom,Bengaluru,4-9 Yrs,4,9,Not Disclosed,0.0,0.0,Database Analyst,"rest, medical, data analysis, enterprise architecture, edi, enterprise integration, api management, digital platforms, sql, integration platforms, data integration"
Data Surveillance Analyst,Parexel,India,2-5 Yrs,2,5,Not Disclosed,0.0,0.0,Data Analyst,"medical, data management, trend, interpersonal skills, sql, analytics, triage, communication skills, data operations, data analysis"
Data Analyst,Indian School of Business & Finance (ISBF),Prayagraj,2-5 Yrs,2,5,Not Disclosed,0.0,0.0,Data Analyst,"Data analysis, metadata, SAS, Data management, Compliance, Analytical, E-governance, data governance, Monitoring, Python"
Data Analyst,Themathcompany,Bengaluru,5-7 Yrs,5,7,Not Disclosed,0.0,0.0,Data Analyst,"python, confluence, analytical, saps, software testing, documentation, power bi, microsoft azure, jde, machine learning"
Data Analyst,Nexshore Technologies,Bengaluru,4-8 Yrs,4,8,Not Disclosed,0.0,0.0,Database Analyst,"Data Manipulation, Data Cleansing, Data Mapping, Data Analysis"
Data Analyst,Diverse Lynx,Bengaluru,5-7 Yrs,5,7,Not Disclosed,0.0,0.0,Data Analyst,"Data dictionary, Automation, Manager Quality Assurance, Version control, Data modeling, Data quality, Analytics, Product marketing, SQL, Python"
Data Analyst - Service Now,Virtusa,Hyderabad,8-12 Yrs,8,12,Not Disclosed,0.0,0.0,Data Analyst,"Data Model, Data Analyst, Service now"
Data Analyst,Cito Techno Services,Bengaluru,8-10 Yrs,8,10,10.8-14.4 Lacs,1080000.0,1440000.0,Data Science & Analytics - Other,"ERP, SME, JIRA, GCP"
Data Analyst,Ohara It Solutions,Mumbai,1-5 Yrs,1,5,4-9 Lacs,400000.0,900000.0,Data Analyst,"Power Bi, Bi, Data Analysis, Bi Tools, Data Visualization, Tableau, Data Warehousing, Dashboards, SQL, Data Analytics"
Data Analyst,Capco,Pune,0-7 Yrs,0,7,Not Disclosed,0.0,0.0,Data Analyst,"Delivery excellence, remediation, Management consulting, Banking, Manager Technology, Consultancy, Data Analyst, Financial services, SQL, Python"
Data Analyst,Norinco,pallikaranai,1-2 Yrs,1,2,2.5-3.25 Lacs,250000.0,325000.0,Port & Maritime Operations - Other,"Data Validation & Quality Assurance, Data Visualization & Analysis, Real-Time Data Monitoring, Buoy Monitoring & Management"
Data Analyst,Indium Corporation,Hyderabad,1-2 Yrs,1,2,Not Disclosed,0.0,0.0,Data Analyst,"IT services, Business analysis, Analytical, Standard operating procedures, Data Analyst, Operations, Analytics, SQL, Business operations, Data extraction"
Data Analyst,Indium Corporation,Hyderabad,2-5 Yrs,2,5,Not Disclosed,0.0,0.0,Data Analyst,"IT services, SQL queries, Automation, Database, Data structures, Data processing, Data Analyst, data visualization, Python, Scripting"
Data Analyst,Hunger Inc,Mumbai (All Areas),3-8 Yrs,3,8,20-25 Lacs,2000000.0,2500000.0,Analyst - Financial Planning & Analysis,"Financial Reporting, Financial Analytics, Financial Forecasting, Analysis, Data Analysis, Budgeting, Forecasting, Financial Analysis"
Data Analyst,Guidehouse,Thiruvananthapuram,1-6 Yrs,1,6,Not Disclosed,0.0,0.0,Data Analyst,"Process automation, SAN, Backend, Data analysis, Staffing, Process improvement, Resource management, Macros, Analytics, Python"
Data Analyst,Vrinda International,Coimbatore,2-6 Yrs,2,6,Not Disclosed,0.0,0.0,Data Analyst,"Data analysis, Automation, Business reporting, power bi, Data Analyst, data visualization, Analytics, SQL, Data extraction, Python"
Data Analyst,BMW Techworks India,Pune,3-6 Yrs,3,6,Not Disclosed,0.0,0.0,Data Analyst,"database maintenance, python, data analysis, modeling, sas, bi, database mirroring, power bi, machine learning, analysis"
Data Analyst - 10th April - Virtual Interview - Pan India,Tata Consultancy Services,India,7-12 Yrs,7,12,Not Disclosed,0.0,0.0,Data Analyst,"Data Analytics, Power Bi"
Python Data Analyst,Trigyn Technologies,Mumbai (All Areas),3-8 Yrs,3,8,Not Disclosed,0.0,0.0,Back End Developer,"Pandas, Flask, Django"
Hiring Data Analyst (SQL+Python),Motivity Labs,Hyderabad,5-9 Yrs,5,9,Not Disclosed,0.0,0.0,Software Development - Other,"SQL Development, SQL Queries, SQL Coding, Analytics, Prompt Engineering, Generative Ai Tools, Data Visualization, Data Modeling, ETL, Complex Sql Query"
Data Analyst,Lloyds Offshore Global Services,Hyderabad,2-6 Yrs,2,6,Not Disclosed,0.0,0.0,Data Analyst,"Change management, Data management, Management systems, IT security, Strategic planning, Support services, Data Analyst, Risk management, Data warehousing, SQL"
Data Analyst,Lloyds Offshore Global Services,Hyderabad,5-11 Yrs,5,11,Not Disclosed,0.0,0.0,Data Analyst,"Change management, Usage, Data management, GCP, Management systems, Project management, Design development, Support services, SQL, Python"
Data Analyst,Lloyds Offshore Global Services,Hyderabad,2-5 Yrs,2,5,Not Disclosed,0.0,0.0,Data Analyst,"Change management, Data management, Management systems, IT security, Strategic planning, Support services, Data Analyst, Risk management, Data warehousing, SQL"
Data Analyst Data Office,Optimum Solutions,Chennai,3-8 Yrs,3,8,Not Disclosed,0.0,0.0,Data Analyst,"Computer science, SAS, Machine learning, Data processing, data visualization, Stakeholder management, Information technology, Analytics, SQL, Python"
Data Analyst/WFM Analyst,Net Impact Solutions,Noida,4-6 Yrs,4,6,Not Disclosed,0.0,0.0,Other,Workforce Management
Data Analyst,Greencell Mobility,Mumbai (All Areas),5-10 Yrs,5,10,5-10 Lacs,500000.0,1000000.0,MIS Executive,"Excel, Power Bi, MIS, Advanced Excel, MIS Reporting, MIS Operations"
Data Analyst,Creditsafe,Hyderabad,4-6 Yrs,4,6,Not Disclosed,0.0,0.0,Data Analyst,"Data analysis, Manager Quality Assurance, Business transformation, Data management, Process improvement, Customer retention, Data quality, Business intelligence, Continuous improvement, Gaming"
Data Analyst,Puresoftware Technology,Noida,2-7 Yrs,2,7,Not Disclosed,0.0,0.0,Data Analyst,"Data Pipeline, Dashboards, Reporting, SQL, Power Bi"
Data Analyst,Kawen Manpower,Bengaluru,1-4 Yrs,1,4,Not Disclosed,0.0,0.0,Data Analyst,"Procurement, Data analysis, VLOOKUP, Analytical, Business intelligence, Macros, Operations, Internship, SQL, Data extraction"
Data Analyst,Puresoftware Technology,Gurugram,3-7 Yrs,3,7,10-18 Lacs,1000000.0,1800000.0,Data Science & Analytics - Other,"Airflow, Tableau, Python, Power Bi"
Data Analyst,The Briminc,Bengaluru,1-3 Yrs,1,3,Not Disclosed,0.0,0.0,Data Analyst,"Computer science, Automation, Data analysis, Analytical, Machine learning, Workflow, Analytics, SQL, Python, Data extraction"
Data Analyst,Augie,Bengaluru,0-3 Yrs,0,3,Not Disclosed,0.0,0.0,Data Analyst,"Market analysis, Usage, Excel, Data collection, Database, Data Analyst, data visualization, Troubleshooting, Powerpoint"
"Online Data Analyst - ""Bengali""",TELUS Digital,India,0-2 Yrs,0,2,Not Disclosed,0.0,0.0,IT Support - Other,"English Writing, Google Maps, Good English Communication, Bengali Content, Mapping, Bengali"
Data Analyst,Ocwen Financial Corporation,Pune,6-9 Yrs,6,9,Not Disclosed,0.0,0.0,Data Science & Machine Learning - Other,"Power Bi, Artificial Intelligence"
Data Analyst,Aaheli Consultants,Gurugram,5-8 Yrs,5,8,Not Disclosed,0.0,0.0,Data Science & Analytics - Other,"Microsoft Power Bi, Data Cleansing, Power Query, SQL, Dax Queries, Azure Data Factory, Data Analysis, RLS, Data Visualization, Dax, Power Bi"
Data Analyst,PCI India,New Delhi,1-5 Yrs,1,5,Not Disclosed,0.0,0.0,Data Analyst,"Economics, Data analysis, Data collection, Performance appraisal, Data Analyst, microsoft, Powerpoint, Advertising, Statistics, Recruitment"
"Data Analyst ( APLD , LAAD)",Pri India It Services,Bengaluru,5-9 Yrs,5,9,9-13 Lacs,900000.0,1300000.0,Healthcare & Life Sciences - Other,"Life Sciences, Patient Level Data, Clinical, Data Analyst, Medical, Pharmaceutical, pharma, healthcare, APLD"
Data Analyst,Talentpull And Infrastructure,Gurugram,0-2 Yrs,0,2,2-4.25 Lacs,200000.0,425000.0,Telecom - Other,"Capa, Google Sheets, RCA, Excel, SLAS, SOP"
Salesforce Data Analyst,Luxoft,Pune,8-10 Yrs,8,10,15-25 Lacs,1500000.0,2500000.0,Other,"KYC, Salesforce Data Analyst"
Data Verification Analyst,Foundation Ai,Kolkata,0-5 Yrs,0,5,Not Disclosed,0.0,0.0,Data Analyst,"metadata, python, data analysis, data management, data analytics, data validation, configuration, data mining, data integrity, dashboards"
Data Analyst,Kiya.ai,Mumbai Suburban,5-7 Yrs,5,7,5-11 Lacs,500000.0,1100000.0,Data Science & Analytics - Other,"Data Analysis, Power Bi"
Online Data Analyst Gujarati,TELUS Digital,Noida,0-5 Yrs,0,5,Not Disclosed,0.0,0.0,Data Analyst,"search engines, Data management, Data Analysis, online maps, online research, Gujarati"
Data Analyst Mechanical/Instrumentation,Idexcel,Bengaluru,4-7 Yrs,4,7,Not Disclosed,0.0,0.0,IT & Information Security - Other,"ERP, data management, Datasheets, Vendor Documents, Instrumentation, SLD, EAM, Oil And Gas, Chemical, Mechanical, Drawings"
Data Analyst with MDM,Clifyx Technology,Bengaluru,0-5 Yrs,0,5,Not Disclosed,0.0,0.0,Data Analyst,"Stakeholder Engagement, RFI, Data structures, software asset management, Business process mapping, Data Analyst, Windows, Vendor, microsoft"
Data Analyst,Conneqt,Mumbai (All Areas),9-13 Yrs,9,13,15-20 Lacs,1500000.0,2000000.0,Business Intelligence & Analytics - Other,"Business Intelligence, Power Bi, data cleaning, Master Data Management, Data Analysis, ETL, SAP MDM, Data Stewardship"
Data Analyst,Magellanic Cloud,Hyderabad,5-8 Yrs,5,8,8-18 Lacs,800000.0,1800000.0,Data Analyst,"Data Lakehouse, Python, Data Validation"
Data Analyst,Nineleaps,Bengaluru,2-4 Yrs,2,4,Not Disclosed,0.0,0.0,Data Analyst,"Automation, Product engineering, Analytical, Data Analyst, Data analytics, Business intelligence, Analytics, SQL, Python, Data interpretation"
Data Analyst,Lloyds Technology Centre India,Hyderabad,8-15 Yrs,8,15,Not Disclosed,0.0,0.0,Data Analyst,"Customer Advisor, Change management, Data management, Management systems, IT security, Strategic planning, Support services, Data Analyst, Data analytics, Risk management"
Data Analyst,Digital Glyde,Kolkata,0-3 Yrs,0,3,Not Disclosed,0.0,0.0,Data Analyst,"Data analysis, Excel, Statistical analysis, Analytical, power bi, data integrity, Data Analyst, data visualization, SQL, Python"
DATA ANALYST / DATA EXECUTIVE,Anutech Solutions,Vijayawada,0-3 Yrs,0,3,Not Disclosed,0.0,0.0,Data Analyst,"Data Analyst, Data Executive"
Data Analyst,RR Groups,Bengaluru,0-1 Yrs,0,1,Not Disclosed,0.0,0.0,Data Analyst,"data analysis, modeling, documentation, bi, strong analytical skills, power bi, problem solving, dashboards, sql, excel"
Data Analyst,Anytime Logistic Delhi,Canada,2-4 Yrs,2,4,Not Disclosed,0.0,0.0,Data Science & Analytics - Other,"Data Analytics, Data Reporting, Data Analysis"
Data Analyst,CGI,Hyderabad,5-7 Yrs,5,7,8-18 Lacs,800000.0,1800000.0,Data Analyst,Data Analytics
Data Analyst,V Patrol,Gurugram,1-4 Yrs,1,4,Not Disclosed,0.0,0.0,Data Analyst,"database maintenance, data analysis, modeling, bi, power bi, problem solving, data integrity, machine learning, data cleansing, providing training"
Data Analyst,Skylink Fibernet,Coimbatore,2-6 Yrs,2,6,Not Disclosed,0.0,0.0,Data Analyst,"Computer science, Data analysis, data science, Analytical, power bi, Database maintenance, Data Analyst, data visualization, SQL, Python"
Data Analyst,Healthworksai,India,1-4 Yrs,1,4,Not Disclosed,0.0,0.0,Infrastructure Architect,"Data Center Management, IT Infrastructure Management, ETL"
Data Analyst,Bicxo - Enterprise Performance Management,Thane,3-6 Yrs,3,6,Not Disclosed,0.0,0.0,Data Analyst,"database maintenance, python, data analysis, modeling, bi, documentation, power bi, problem solving, process improvement, machine learning"
Data Analyst,Aroha Technologies,Bengaluru,0-3 Yrs,0,3,Not Disclosed,0.0,0.0,Data Analyst,Data Analyst
Data Analyst,Grid Dynamics,Hyderabad,0-3 Yrs,0,3,Not Disclosed,0.0,0.0,Data Analyst,"Data modeling, Analytical, Corporate, Performance optimization, Data Analyst, Medical insurance, Analytics, SQL"
QC Data Analyst,Straive,Chennai,5-10 Yrs,5,10,Not Disclosed,0.0,0.0,Data Analyst,"ETL, Python"
Data Analyst,Kaba Group,New Delhi,2-5 Yrs,2,5,Not Disclosed,0.0,0.0,Data Analyst,"metadata, python, data analysis, data management, data analytics, data validation, configuration, data mining, data integrity, dashboards"
Data Analyst,Shell Infotech,Shillong,5-10 Yrs,5,10,8-18 Lacs,800000.0,1800000.0,Data Analyst,"Google Sheets, Advanced Excel, Pandas"
Data Analyst,Amgen Inc,Hyderabad,8-13 Yrs,8,13,Not Disclosed,0.0,0.0,Data Analyst,"Change Management, Biotechnology, Power Bi, Sales Operations, Tableau, Analytics, Onboarding, Business Analysis, Marketing, Process Documentation, Data Analyst"
TARIFF DATA ANALYST,Innover Digital,Bengaluru,0-5 Yrs,0,5,Not Disclosed,0.0,0.0,Data Analyst,"Supply chain, IT services, Trade, Management systems, Project management, Data Analyst, trade operations, Continuous improvement, Analytics, Logistics"
Data Analyst,Sia Partners,Mumbai,3-6 Yrs,3,6,Not Disclosed,0.0,0.0,Data Analyst,"Computer science, French, Analytical, Data Analyst, Corporate finance, SSIS, Business intelligence, microsoft, SQL, Python"
Excellent Job Opening  _ Data Analyst _ Chennai,Clover Infotech,Chennai,7-12 Yrs,7,12,Not Disclosed,0.0,0.0,IT Infrastructure Services - Other,"Financial Sector, Data analyst, Banking Sector, Data Modeling, ETL, SQL, Data Warehousing"
Data analyst,Dr Agarwals Eye Hospital,Mumbai,2-4 Yrs,2,4,Not Disclosed,0.0,0.0,Data Science & Analytics - Other,"VLOOKUP, Dashboards, Macros, HLOOKUP, MIS Reporting, PowerBI"
Data Analyst,TechBlocks,Hyderabad,5-10 Yrs,5,10,Not Disclosed,0.0,0.0,Data Analyst,"Power Bi, Debugging, Natural Language Processing, Ai, Looker, Machine Learning, Statistics, Sql, Business Analysis, Retail, Data Analyst"
Data Analysts,PRODAT,Bengaluru,1-3 Yrs,1,3,Not Disclosed,0.0,0.0,Data Analyst,"hlookup, macros, python, data analysis, data management, data analytics, data validation, data mining, power bi, business analysis"
Data Analyst,Corporate Web Solutions,Bengaluru,1-4 Yrs,1,4,Unpaid,,,Data Analyst,"Computer science, Analytical skills, Data analysis, Data collection, Data Analyst, Data analytics, data visualization, Internship, SQL, Python"
Data Analyst,ExcelR,Bengaluru,1-4 Yrs,1,4,Not Disclosed,0.0,0.0,Data Analyst,"excel, data extraction, data management, data analytics, data mining, predictive analytics, data visualization"
Data Analyst,Eduport,Kozhikode,0-1 Yrs,0,1,Not Disclosed,0.0,0.0,Data Analyst,"Data analysis, Machine learning, Data processing, power bi, Predictive modeling, Data Analyst, Forecasting, SQL, Python, Data extraction"
Data Analyst,The Art Of Living Human Resources,Bengaluru,2-4 Yrs,2,4,Not Disclosed,0.0,0.0,Data Analyst,"database maintenance, python, data analysis, data analytics, oracle, spotfire, problem solving, dashboards, sql, data quality"
Data Analyst,Mudra Ooh,Bengaluru,2-7 Yrs,2,7,Not Disclosed,0.0,0.0,Data Analyst,"database maintenance, macros, data analysis, data analytics, data mining, business analysis, power bi, dashboards, business intelligence, sales"
Data Analyst,Black Box,Bengaluru,4-8 Yrs,4,8,5-10 Lacs,500000.0,1000000.0,Data Analyst,"Data Analysis, Data Analytics, Data Reporting"
Transportation Data Analyst,ADVICS,Rohtak,2-5 Yrs,2,5,Not Disclosed,0.0,0.0,Data Analyst,"database maintenance, data analysis, bi, documentation, power bi, problem solving, dashboards, database administration, transportation, excel"
Data Anonymization Analyst,Innova Solutions,Bengaluru,4-9 Yrs,4,9,Not Disclosed,0.0,0.0,Data Analyst,"Adam, Cdisc, SAS Programming, sdtm, python"
Data Analyst,Orcapod Consulting Services,Hyderabad,6-11 Yrs,6,11,5-11 Lacs,500000.0,1100000.0,Data Analyst,"Excellent Verbal And Written Communication Skills, Power Bi"
Data Analyst,Winfort,India,4-9 Yrs,4,9,8-17 Lacs,800000.0,1700000.0,Other,Power Bi
Data Analyst,Coforge,Noida,2-4 Yrs,2,4,Not Disclosed,0.0,0.0,Data Engineer,"Healthcare Domain, python, Tableau, ETL, Data Analytics, Power Bi"
Data Analyst,Naghavi Fintech,Bengaluru,5-9 Yrs,5,9,Not Disclosed,0.0,0.0,Data Analyst,"SAS, Cognos, TIBCO, power bi, Data analytics"
Statistician/Data Analyst,Two95 International,Bengaluru,5-10 Yrs,5,10,Not Disclosed,0.0,0.0,Data Analyst,"GIS, Data analysis, Data validation, Analytical, power bi, Data Analyst, Data analytics, data visualization, Statistics, SQL"
Data Analyst,Image Infosystems,Ernakulam,0 Yrs,0,0,2.75-3 Lacs,275000.0,300000.0,Data Science & Analytics - Other,"Data Analysis, Edge, SQL, Aiml"
Underwriter & Data Analyst,Maruti Insurance,Gurugram,1-5 Yrs,1,5,Not Disclosed,0.0,0.0,Underwriter,"Commercial Underwriting, Risk Analysis, Data Analysis, Risk Management, Underwriting"
Data Analyst,LKQ India,Bengaluru,3-6 Yrs,3,6,Not Disclosed,0.0,0.0,Data Analyst,"Data Wrangling, Data Cleansing, Tableau, Incorta, Machine Learning, Stock Analysis, SQL, Data Analysis, Dashboards, Power Bi"
Data Analyst,Medusind,Mumbai,1-6 Yrs,1,6,Not Disclosed,0.0,0.0,Data Analyst,"database maintenance, python, data analysis, modeling, sas, predictive analytics, problem solving, process improvement, machine learning, sql"
Data Analyst,HMH Technology Private Limited,Pune,2-4 Yrs,2,4,Not Disclosed,0.0,0.0,Data Analyst,"snowflake, sap, data analysis, steward, power bi, business analysis, business analyst, business intelligence, learning and development, sql, data analyst"
Data Analyst,Recruitrix Technologies,Hyderabad,0-2 Yrs,0,2,Not Disclosed,0.0,0.0,Data Analyst,"Graphics, Excel, Data management, Data Analyst, Statistics"
Data Analyst,Teplar Solutions,Coimbatore,0-4 Yrs,0,4,Not Disclosed,0.0,0.0,Non Tech Support - Voice / Blended,"Analytical, Litigation, Workflow, Customer support, Business Development Executive, Client interaction, Data Analyst, MS Office, Analytics, Python"
Data Analyst,Peroptyx,Remote,0-2 Yrs,0,2,Not Disclosed,0.0,0.0,Data Analyst,"Protection system, Independent Contractor, Analytical, Social media, Antivirus, Data Analyst, Research, Evaluator"
Data Analyst,Relinns,Mohali,0-3 Yrs,0,3,Unpaid,,,Data Analyst,"Computer science, Analytical skills, Data analysis, Statistical modeling, power bi, Data Analyst, Business strategy, data visualization, Data mining, SQL"
Data Analyst,Eduport,Kozhikode,0-1 Yrs,0,1,Not Disclosed,0.0,0.0,Data Analyst,"Data analysis, Automation, Excel, Sales operations, Analytical, Data processing, data visualization, SQL, Data extraction, Python"
Data Analyst,Kaleesuwari Refinery and Industry (KRIPL),Madurai,0-3 Yrs,0,3,Not Disclosed,0.0,0.0,Data Analyst,Data Analyst
Data Analyst,Sociomix,New Delhi,0-5 Yrs,0,5,Not Disclosed,0.0,0.0,Data Analyst,"Data analysis, Statistical analysis, Excel, Data Analyst, data visualization, SQL"
Data Analyst,Arcgate,Udaipur,0-5 Yrs,0,5,Not Disclosed,0.0,0.0,Data Analyst,Data Analyst
Data Analyst,Exly,Gurugram,0-3 Yrs,0,3,Not Disclosed,0.0,0.0,Data Analyst,"Computer science, Data analysis, tableau, Postgresql, SAAS, Agile, Healthcare, Data quality, Data mining, Python"
Data Analyst,Improx Data And Cloud Consulting,Pune,0-2 Yrs,0,2,Not Disclosed,0.0,0.0,Data Analyst,"Operations Analyst, Data management, Coding, Data collection, Test cases, Continuous improvement, Information technology, SQL, data profiling, Testing"
Data Analyst,Exly,Gurugram,0-4 Yrs,0,4,Not Disclosed,0.0,0.0,Data Analyst,"Computer science, Data analysis, tableau, Postgresql, SAAS, Agile, Healthcare, Data quality, Data mining, Python"
Data Analyst,Paramount Health Services,Thane,0-4 Yrs,0,4,Not Disclosed,0.0,0.0,Data Analyst,"Analytical skills, tableau, Machine learning, Data Analyst, Oracle, SQL, Python"
Data Analyst,Fireblaze Ai School,Ahmedabad,0-2 Yrs,0,2,Not Disclosed,0.0,0.0,Data Analyst,"Performance tuning, Automation, Data analysis, Data modeling, Analytical, Machine learning, Macros, SQL, Python, Data extraction"
Data Analysts / HTML Editor,I-tech Infonet,Rajkot,0-2 Yrs,0,2,Not Disclosed,0.0,0.0,Data Analyst,"Training, Adobe Acrobat, PDF, XML, Epub, HTML, Editor, Testing"
Data Analyst,Claight Corporation Expert Market Research,Noida,0-1 Yrs,0,1,Not Disclosed,0.0,0.0,Data Analyst,"Data analysis, Data Analyst"
Data Analyst,Mr Technical Veer Digital Services,Lalitpur,0-3 Yrs,0,3,Not Disclosed,0.0,0.0,Data Analyst,Data Analyst
Data Analyst,Magic Infomedia,New Delhi,0-2 Yrs,0,2,Not Disclosed,0.0,0.0,Data Analyst,"Business Analyst, Data Analyst"
Data Analyst,Diensten Tech,Gurugram,0-1 Yrs,0,1,Not Disclosed,0.0,0.0,Data Analyst,Data Analyst
Data Analyst,Snware Research Services,Gurugram,0-3 Yrs,0,3,Not Disclosed,0.0,0.0,Data Analyst,"Data validation, Quality standards, Project tracking, Quality check, Debugging, query, Data Analyst, SPSS, Process management, Quality management"
Data Analyst,Zero Gravity Photography,Chennai,0-2 Yrs,0,2,Not Disclosed,0.0,0.0,Data Analyst,"Data analysis, Business reporting, Data Analyst, Management"
Data Analyst - German,Numerator,Vadodara,0-7 Yrs,0,7,Not Disclosed,0.0,0.0,Data Analyst,"Training, Retail, Usage, Database, German, Data Analyst, Research, Data entry"
Data Analysts / HTML Editor,Ace Software Exports,Rajkot,0-4 Yrs,0,4,Not Disclosed,0.0,0.0,Data Science & Analytics - Other,"Training, Adobe Acrobat, XML, Epub, HTML, Editor, Testing"
Data Analyst,Net2Source LLP,Bengaluru,4-6 Yrs,4,6,Not Disclosed,0.0,0.0,Technology / IT - Other,"Data Analytics, Power Bi"
Data Analyst,Black And White Business Solutions,Hyderabad,8-13 Yrs,8,13,10-20 Lacs,1000000.0,2000000.0,Data Analyst,"Snowflake, Data Bricks, Tableau"
Data Analyst,Purview Services,Bengaluru,5-10 Yrs,5,10,Not Disclosed,0.0,0.0,Data Science & Analytics - Other,"Genesys, Data quality, siebel, Salesforce, O2C"
Data Analyst,MS Guide World,Bengaluru,4-9 Yrs,4,9,Not Disclosed,0.0,0.0,Data Analyst,"Solution design, Data analysis, Data modeling, Healthcare, Data analytics, Business intelligence, Project delivery, Python, Recruitment"
Data Analyst,Ecolab Global Services,Pune,3-5 Yrs,3,5,Not Disclosed,0.0,0.0,Data Analyst,"Procurement, Compliance, Power Bi, Finance, Regression, Bi Tools, Process Improvement, Forecasting, Data Science, Data Quality, Data Analyst"
Data Analyst,Primohunt Corporate,Pune,0-3 Yrs,0,3,Not Disclosed,0.0,0.0,Data Analyst,"Analytical skills, Market study, Data analysis, Google Analytics, Coding, Database, Webtrends, Data Analyst, Business strategy, Rate analysis"
Data Analyst,Right Step Consulting,Gurugram,0-5 Yrs,0,5,Not Disclosed,0.0,0.0,Data Analyst,"Product management, ERP, Data analysis, PHP, Data Analyst, Open source, Data mining, SQL, CRM, Python"
S&C GN - Data&AI - Resources -  Analyst,Accenture,Bengaluru,4-8 Yrs,4,8,Not Disclosed,0.0,0.0,Data Analyst,"data analytics, natural language processing, data mining, predictive analytics, power bi, business intelligence, tableau, r, data science, predictive modeling, python"
Data Analyst ETL & Informatica- sv,Infosys,Hyderabad,3-8 Yrs,3,8,Not Disclosed,0.0,0.0,Data Science & Analytics - Other,"Data Analytics, SQL, Informatica"
Data Analyst,Rohan Builders & Developers,Nagar,4-8 Yrs,4,8,Not Disclosed,0.0,0.0,Data Analyst,"database maintenance, data analysis, data analytics, data interpretation, design development, data mining, power bi, data collection, sql server, sql"
DATA - ANALYST,Justlead.in,Gurugram,1-4 Yrs,1,4,Not Disclosed,0.0,0.0,Data Analyst,"python, data analysis, data analytics, strong analytical skills, pivot table, business analysis, vlookup, machine learning, strategic planning, sql"
DATA - ANALYST,Justlead.in,Chandigarh,1-4 Yrs,1,4,Not Disclosed,0.0,0.0,Data Analyst,"python, data analysis, data analytics, strong analytical skills, pivot table, business analysis, vlookup, machine learning, strategic planning, sql"
DATA - ANALYST,Justlead.in,Noida,1-4 Yrs,1,4,Not Disclosed,0.0,0.0,Data Analyst,"python, data analysis, data analytics, strong analytical skills, pivot table, business analysis, vlookup, machine learning, strategic planning, sql"
Data Analyst,Unity Small Finance Bank,Navi Mumbai,2-5 Yrs,2,5,Not Disclosed,0.0,0.0,Data Science & Analytics - Other,"Power Bi, Data Visualization, cohort, SQL, Lending"
Data Analyst,IBS Software Services,Kochi,2-3 Yrs,2,3,Not Disclosed,0.0,0.0,Data Analyst,"python, data analysis, data analytics, data management, data mining, power bi, pivot table, business analysis, machine learning, business intelligence"
Data Analyst,Tex Corp,Gurugram,1-2 Yrs,1,2,3.5-5.5 Lacs,350000.0,550000.0,Data Analyst,"Data Interpretation, Data Management, Data Visualization, Advanced Excel, Dashboards, Data Analytics, Data Reporting, Data Analysis"
Data Analyst,CarTrade,Navi Mumbai,1-4 Yrs,1,4,5-7.5 Lacs,500000.0,750000.0,Business Intelligence & Analytics - Other,"Power Bi, Data Analytics, SQL"
Data Analyst - Invoice 360,Mostedge,Hyderabad,1-3 Yrs,1,3,Not Disclosed,0.0,0.0,Data Analyst,"python, data analysis, data validation, mathematics, bi, pivot table, business analytics, dashboards, business intelligence, power query, Power BI"
Data Analyst,Apex 2000 INC,Pune,3-6 Yrs,3,6,Not Disclosed,0.0,0.0,Data Analyst,"python, macros, data analysis, data analytics, natural language processing, data mining, power bi, machine learning, dashboards, sql"
Data Analyst (Outbound Contact Centre),CIMET,Jaipur,3-5 Yrs,3,5,Not Disclosed,0.0,0.0,Operations - Other,Excel
Data Analyst,bp,Pune,3-5 Yrs,3,5,Not Disclosed,0.0,0.0,Data Analyst,"data analytics, data interpretation, Power BI, data reporting, data visualization, Databricks, machine learning, SQL, Python, Data Analysis"
Data Analyst,Squircle IT,Pune,4-7 Yrs,4,7,Not Disclosed,0.0,0.0,Data Analyst,"hlookup, macros, python, data analysis, data management, data analytics, data validation, sas, mathematics, pivot table"
Data Analyst,Cabirx Consulting Nashik,Remote,3-6 Yrs,3,6,Not Disclosed,0.0,0.0,Data Analyst,"python, data analysis, data analytics, sas, data mining, bi, predictive analytics, power bi, business analysis, pivot table"
Data Analyst,Shree Ajit,Vapi,2-6 Yrs,2,6,Not Disclosed,0.0,0.0,Data Analyst,"Problem-Solving, Data Interpretation, Data Manipulation, Data Analysis, Data Processing, Dashboards, Data Warehousing, Data Reporting, Power Bi"
Specialist- Data & Planning Analyst,Nordex Engineering And Technology,Chennai,6-8 Yrs,6,8,Not Disclosed,0.0,0.0,Data Analyst,"Supply chain, Material management, Data validation, operational support, Claims, Analytical, Maintenance Manager, Forecasting, Monitoring, Service operations"
GN-Chemicals&Natural Resources-Data AI-Analyst,Accenture,Bengaluru,3-5 Yrs,3,5,Not Disclosed,0.0,0.0,Data Analyst,"Etl Pipelines, Java, Business Intelligence, Compliance, Use Cases, Data Management, Llm, Sql, Data Quality, Sales, Ai"
Data Acquisition Analyst,Amgen Inc,Hyderabad,1-3 Yrs,1,3,Not Disclosed,0.0,0.0,Data Analyst,"Biotechnology, Compliance, Clinical Operations, Data Management, Database Design, Vendor Management, Research, Data Integration, Life Sciences, Clinical Research, Data Acquisition"
Data Analyst,MAN TRUCK BUS,Pune,6-9 Yrs,6,9,Not Disclosed,0.0,0.0,Data Analyst,"microsoft power bi, advanced analytics, python, data analysis, modeling, sap, data analytics, software testing, amazon redshift, bi"
Data Analyst,Rohan Builders & Developers,Pune,4-8 Yrs,4,8,Not Disclosed,0.0,0.0,Data Analyst,"database maintenance, data analysis, data analytics, data interpretation, design development, data mining, power bi, data collection, sql server, sql"
Data Analyst,Aays Analytics,Gurugram,3-7 Yrs,3,7,Not Disclosed,0.0,0.0,Data Analyst,"Client solutions, SSRS, Consulting, Senior Data Analyst, Data analytics, SSIS, microsoft, SQL, Python, content research"
Data Analyst (BigQuery),Enfuse Solutions,Mumbai,2-4 Yrs,2,4,Not Disclosed,0.0,0.0,Data Analyst,"Data quality, Data analytics, Data Analyst"
Data Analyst,VNG Medical Innovation System,Mohali,1-3 Yrs,1,3,Not Disclosed,0.0,0.0,Data Analyst,"metadata, python, data analysis, data management, data analytics, data validation, configuration, data mining, data integrity, dashboards"
Data Analyst,UE Autotech (i),New Delhi,2-6 Yrs,2,6,Not Disclosed,0.0,0.0,Data Analyst,"metadata, python, data analysis, data management, data analytics, data validation, configuration, data mining, data integrity, dashboards"
Data Analyst,Yocreativ,Gurugram,1-3 Yrs,1,3,Not Disclosed,0.0,0.0,Data Analyst,"database maintenance, python, data analytics, data analysis, data mining, predictive analytics, business analysis, power bi, machine learning, sql"
Data Analyst,Alcircle,Kolkata,1-3 Yrs,1,3,Not Disclosed,0.0,0.0,Data Analyst,"metadata, python, data analysis, data management, data analytics, data validation, configuration, data mining, data integrity, dashboards"
Data Analyst,Primo Tech,Mohali,1-3 Yrs,1,3,Not Disclosed,0.0,0.0,Data Analyst,"master data, metadata, python, data analysis, data management, data analytics, data validation, configuration, data mining, data integrity"
Transportation Data Analyst,Azure Power,Hyderabad,3-7 Yrs,3,7,Not Disclosed,0.0,0.0,Data Analyst,"python, macros, data analysis, data analytics, data management, pivot table, power bi, business analysis, vlookup, machine learning"
Data Analyst with Hadoop,Asky Services Llp,Gurugram,5-7 Yrs,5,7,Not Disclosed,0.0,0.0,Data Analyst,"metadata, python, data analysis, data management, data analytics, data validation, configuration, data mining, data integrity, dashboards"
Data Analyst,Saven Technologies,Hyderabad,3-5 Yrs,3,5,Not Disclosed,0.0,0.0,Data Analyst,"RCA, Root cause analysis, Analytical, Social media, Data analytics, data visualization, Analytics, SQL, Python"
Data Analyst,TPM Consultants,New Delhi,3-7 Yrs,3,7,Not Disclosed,0.0,0.0,Data Analyst,"database maintenance, python, macros, data analysis, data analytics, predictive analytics, power bi, dashboards, sql, excel"
DATA ANALYST,Nutris Crop Solutions India,Satara,1-6 Yrs,1,6,Not Disclosed,0.0,0.0,Data Analyst,"metadata, python, data analysis, data management, data analytics, data validation, configuration, data mining, data integrity, dashboards"
Data Analyst,Goodwin Financial Holdings,Hyderabad,2-5 Yrs,2,5,Not Disclosed,0.0,0.0,Data Analyst,"metadata, python, data analysis, data management, data analytics, data validation, configuration, data mining, data integrity, dashboards"
Data Analyst,Hashtag Infosystem,Surat,3-6 Yrs,3,6,Not Disclosed,0.0,0.0,Data Analyst,"data analysis, data analytics, forecasting, bi, strong analytical skills, power bi, pivot table, business analysis, vlookup, demand planning"
IRR Liquidity PBR Data Analyst,Krazymantra It Solutions,Pune,6-10 Yrs,6,10,Not Disclosed,0.0,0.0,Data Analyst,"python, sql queries, data analysis, data analytics, sas, data mining, predictive analytics, machine learning, sql, tableau"
Data Analyst,Socialion Media,Navi Mumbai,1-6 Yrs,1,6,Not Disclosed,0.0,0.0,Data Analyst,"database maintenance, python, data analysis, data analytics, data mining, predictive analytics, business analysis, power bi, machine learning, sql"
Data Analyst,Disc Technology Services,Mumbai,3-5 Yrs,3,5,Not Disclosed,0.0,0.0,Data Analyst,"master data, metadata, python, data analysis, data management, data analytics, data validation, configuration, data mining, data integrity"
Data Analyst,Freedom From Diabetes,Pune,3-8 Yrs,3,8,Not Disclosed,0.0,0.0,Data Analyst,"Computer science, Automation, Data modeling, Analytical, Data processing, Data analytics, Data quality, Business intelligence, SQL, Python"
Data Analyst,Facts N Data,Noida,3-6 Yrs,3,6,Not Disclosed,0.0,0.0,Data Analyst,"metadata, python, data analysis, data management, data analytics, data validation, configuration, data mining, data integrity, dashboards"
Data Analyst,Clustrex Data,Chennai,2-5 Yrs,2,5,Not Disclosed,0.0,0.0,Data Analyst,"master data, metadata, python, data analysis, data management, data analytics, data validation, configuration, data mining, data integrity"
Data Analyst,Manufapp,New Delhi,1-3 Yrs,1,3,Not Disclosed,0.0,0.0,Data Analyst,"python, data analysis, data analytics, data mining, power bi, problem solving, analysis, machine learning, dashboards, sql"
Data Analyst,Winzo,New Delhi,5-10 Yrs,5,10,Not Disclosed,0.0,0.0,Data Analyst,"Team management, Senior management, MySQL, Conceptualization, Mentor, Data analytics, Data Analyst, Gaming, Analytics, Python"
Data Analyst,Fintech Cloud,Noida,3-7 Yrs,3,7,4-9 Lacs,400000.0,900000.0,Data Analyst,"Metabase, Data Engineering, Power Bi, Data Visualization, Tableau, Data Analytics, ETL, aws, SQL, Python"
Data Analyst,Winzo,New Delhi,10-15 Yrs,10,15,Not Disclosed,0.0,0.0,Data Analyst,"Team management, MySQL, Conceptualization, Mentor, Data analytics, Data Analyst, Gaming, Analytics, Python"
Data Analyst,Energytech Ventures,Kolkata,2-5 Yrs,2,5,Not Disclosed,0.0,0.0,Data Analyst,"Managed services, Excel, Process improvement, Data collection, HTTP, Data analytics, Data Analyst, Powerpoint, Analytics, Python"
Data Analyst,Bootcoding,Nagpur,1-6 Yrs,1,6,Not Disclosed,0.0,0.0,Data Analyst,"python, macros, data analysis, data analytics, data management, data mining, predictive analytics, power bi, machine learning, sql"
DATA ANALYST,Nutris Crop Solutions India,Satara,1-6 Yrs,1,6,Not Disclosed,0.0,0.0,Data Analyst,"master data, metadata, python, data analysis, data management, data analytics, data validation, configuration, data mining, data integrity"
Workday Data Analyst,Nam Info,Chennai,2-5 Yrs,2,5,Not Disclosed,0.0,0.0,Data Analyst,"Business process, Analytical skills, Data analysis, Data migration, Data conversion, Data management, Data analytics, Data Analyst, Stakeholder management, SQL"
Data Analyst,TIC Fiber,Chennai,3-6 Yrs,3,6,Not Disclosed,0.0,0.0,Data Analyst,"master data, metadata, python, data analysis, data management, data analytics, data validation, configuration, data mining, data integrity"
Data Analyst,Lorven Technologies,Pune,5-10 Yrs,5,10,Not Disclosed,0.0,0.0,Data Analyst,"database maintenance, python, data analytics, data analysis, data management, data validation, data mining, business analysis, data integrity, machine learning"
Data Analyst,The Scholar,New Delhi,4-9 Yrs,4,9,Not Disclosed,0.0,0.0,Data Analyst,"SQL queries, Automation, Data management, Finance, Issue resolution, Data quality, Data analytics, Data Analyst, microsoft, Monitoring"
Data Analyst,Tattva Foundation,Lucknow,1-4 Yrs,1,4,Not Disclosed,0.0,0.0,Data Analyst,"master data, metadata, python, data analysis, data management, data analytics, data validation, configuration, data mining, data integrity"
Data Analyst,Squareone Insights,Mumbai,2-7 Yrs,2,7,Not Disclosed,0.0,0.0,Data Analyst,"Data analysis, SAS, Report writing, Data collection, Packaging, power bi, Advanced Excel, Data analytics, SQL, Python"
Data Analyst,ST Courier,Chennai,10-20 Yrs,10,20,Not Disclosed,0.0,0.0,Data Analyst,"Analytical skills, Data modeling, Data analytics, Data Analyst, Analyst 2, Statistics"
Data Analyst,Admini Boosting Productivity,Siliguri,1-4 Yrs,1,4,Not Disclosed,0.0,0.0,Data Analyst,"master data, metadata, python, data analysis, data management, data analytics, data validation, configuration, data mining, data integrity"
Data Analyst,Velodata Global,Madurai,1-4 Yrs,1,4,Not Disclosed,0.0,0.0,Data Analyst,"database maintenance, python, data analysis, modeling, data analytics, bi, power bi, problem solving, machine learning, cleansing"
Data Analyst,Skill Hive Hub,Hyderabad,1-4 Yrs,1,4,Not Disclosed,0.0,0.0,Data Analyst,"Computer science, Data analysis, Data validation, Analytical, Data Analyst, Data analytics, Internship, Analytics, SQL, Python"
Data Analyst,Talisman Hr Solutions,Mumbai (All Areas),2-7 Yrs,2,7,Not Disclosed,0.0,0.0,Data Science & Analytics - Other,"real-world data studies, Claims, Data Analysis, clinical trial design, Databricks, Data Analytics, Data Analyst"
Data Analyst - AI & Bedrock Specialization,Tekskills,Hyderabad,5-10 Yrs,5,10,Not Disclosed,0.0,0.0,Data Science & Analytics - Other,"Natural Language Processing, Data Analysis, Data Analytics, Machine Learning, ML, Bedrock"
Data Analyst - AI & Bedrock Specialization,Tekskills,Pune,5-10 Yrs,5,10,Not Disclosed,0.0,0.0,Data Science & Analytics - Other,"Natural Language Processing, Data Analysis, Data Analytics, Machine Learning, ML, Bedrock"
Data Analyst - AI & Bedrock Specialization,Tekskills,Kolkata,5-10 Yrs,5,10,Not Disclosed,0.0,0.0,Data Science & Analytics - Other,"Natural Language Processing, Data Analysis, Data Analytics, Machine Learning, ML, Bedrock"
Data Analyst,Sourceease Hr Services,Delhi / NCR,1-3 Yrs,1,3,3-4 Lacs,300000.0,400000.0,Data Science & Analytics - Other,"Power Bi, Data Analytics, SQL"
Data Analyst,Han Digital Solution,Vijayawada,1-2 Yrs,1,2,Not Disclosed,0.0,0.0,Data Analyst,"SAP, Trend analysis, power bi, Data analytics, Data Analyst, Budgeting, Vendor, Forecasting, Inventory, Auditing"
Data Analyst,Capgemini,Hyderabad,6-10 Yrs,6,10,Not Disclosed,0.0,0.0,Business Intelligence & Analytics - Other,"Data Validation, Hadoop, User Acceptance, Agile Process, Unix Operating System, SQL, Data analyst"
Immediately Hiring - Data Analyst,Millennium Organisation,Mumbai (All Areas),2-4 Yrs,2,4,3-6 Lacs,300000.0,600000.0,Data Science & Analytics - Other,"Power Bi Reports, Pivot Table, Data Analysis, Formulas, Power Bi Dashboards"
Data Analyst,Bromine Infotech,Bengaluru,3-5 Yrs,3,5,Not Disclosed,0.0,0.0,Data Analyst,"python, r, tableau, data analysis, analysis tools, power bi, communication skills"
Automation & Data - Analyst,JPMorgan Chase Bank,Bengaluru,3-8 Yrs,3,8,Not Disclosed,0.0,0.0,Data Analyst,"Change management, Automation, metadata, Data management, Financial reporting, Senior Executive, Access management, Analytical, Data quality, Python"
Staff Specialist / Data Analyst,Infineon,Bengaluru,5-8 Yrs,5,8,Not Disclosed,0.0,0.0,Data Analyst,"python, data analysis, modeling, business requirements, mathematics, presentation skills, pyspark, data integrity, dashboards, sql"
Data Analyst,Indegene,Bangalore Rural,3-5 Yrs,3,5,Not Disclosed,0.0,0.0,BI Developer,"DAX, Excel"
"Auth Fraud Supervisor- Data Analyst, UIDAI/Bengaluru",National Institute for Smart Government (NISG),Bengaluru,6-10 Yrs,6,10,13-23 Lacs,1300000.0,2300000.0,IT & Information Security - Other,"R, Identity fraud, Business Analysis, Data Analysis"
Data Analyst 3,Lam Research,Bengaluru,7-9 Yrs,7,9,Not Disclosed,0.0,0.0,Data Analyst,"Supply chain, Automation, Data analysis, Business analytics, Flex, power bi, Troubleshooting, Data mining, SQL"
Data Analyst - BLR,Photon,Bengaluru,6-9 Yrs,6,9,Not Disclosed,0.0,0.0,Data Analyst,"Data analysis, Business analysis, Trend analysis, data governance, Data quality, Informatica, Quality tools, Financial services, Analytics, SQL"
Data Analyst,Business Brio,Kolkata,1-2 Yrs,1,2,Not Disclosed,0.0,0.0,Data Analyst,"Graphics, Minitab, Front end, RDBMS, MySQL, SPSS, Macros, Analytics, Python"
Data Analyst,Business Brio,Kolkata,1-2 Yrs,1,2,Not Disclosed,0.0,0.0,Data Analyst,"Graphics, Minitab, Front end, RDBMS, MySQL, SPSS, Macros, Analytics, Python"
Data Scientist/Data Engineer/Data Analyst,Indium Software,Chennai,1-4 Yrs,1,4,Not Disclosed,0.0,0.0,Data Engineer,"Performance tuning, Data validation, GIT, Data modeling, Analytical, Machine learning, Data processing, Apache, Monitoring, Python"
Data Analyst,Tata International,New Delhi,1-5 Yrs,1,5,1-5 Lacs,100000.0,500000.0,Data Analyst,"Dashboards, Marketing Analytics, Sales Analytics"
Data Analyst,TP,Gurugram,1-4 Yrs,1,4,Not Disclosed,0.0,0.0,Data Analyst,"Customer Service, Sales, Customer Experience, Customer Experience Management, Sales Targets, Contact Center, Software Installation, Troubleshooting, Call Center"
Data Analyst,Bajaj Finance,Pune,1-2 Yrs,1,2,Not Disclosed,0.0,0.0,Data Analyst,"security compliance, project management, cloud services, issue resolution, information security, cloud platform, caching, root cause analysis, analytics, cloud, compliance"
Data Analyst,Lloyds Technology Centre India,Hyderabad,1-4 Yrs,1,4,Not Disclosed,0.0,0.0,Data Analyst,"Change management, Usage, Data management, GCP, Management systems, Project management, Design development, Support services, SQL, Python"
Data Analyst,Lloyds Technology Centre India,Hyderabad,2-6 Yrs,2,6,Not Disclosed,0.0,0.0,Data Analyst,"Change management, Data management, Management systems, IT security, Strategic planning, Support services, Data Analyst, Risk management, Data warehousing, SQL"
Data Analyst,Lloyds Technology Centre India,Hyderabad,2-5 Yrs,2,5,Not Disclosed,0.0,0.0,Data Analyst,"Change management, Data management, Management systems, IT security, Strategic planning, Support services, Data Analyst, Risk management, Data warehousing, SQL"
Data Analyst,Lloyds Technology Centre India,Hyderabad,2-5 Yrs,2,5,Not Disclosed,0.0,0.0,Data Analyst,"Change management, Data management, Management systems, IT security, Strategic planning, Support services, Data Analyst, Risk management, Data warehousing, SQL"
Data Analyst | ETL | Informatica - Hyderabad (Female candidates),Infosys,Hyderabad,3-5 Yrs,3,5,Not Disclosed,0.0,0.0,Data Science & Analytics - Other,"Etl Pipelines, Data Quality, Data Pipeline, Informatica, Data Warehousing, Data Modeling, Data Integration, ETL"
Data Analyst,Rpa Infotech,Gurugram,1-3 Yrs,1,3,Not Disclosed,0.0,0.0,Data Analyst,"Data analysis, MS SQL, Excel, Bfsi, Business analytics, Postgresql, MySQL, Predictive modeling, Data Analyst, Data mining"
Data Analyst,Tata Consultancy Services,Hyderabad,5-10 Yrs,5,10,10-20 Lacs,1000000.0,2000000.0,Other,"Data Transformation, Data Validation, Data Analysis, ETL, Data Mapping, SQL, Data analyst"
GSS Data Analyst,Schlumberger India Technology Centre Pvt. Ltd,Pune,5-10 Yrs,5,10,Not Disclosed,0.0,0.0,Data Analyst,"Service delivery, PSD, Safety training, Data Analyst, HSE, Sensors, Risk analysis, Monitoring"
Educational Data Analyst,Udaan Skills,Remote,1-5 Yrs,1,5,Not Disclosed,0.0,0.0,Data Analyst,"Analytical skills, Skill development, Data Analyst, Mathematics, Product research, Statistics, Monitoring, Testing"
Data Analyst,Mindfount Infotech,Noida,3-8 Yrs,3,8,Not Disclosed,0.0,0.0,Data Analyst,"Data analysis, Marketing analytics, tableau, Google Analytics, Statistical analysis, Excel, power bi, Data Analyst, Statistics, SQL"
Data Analyst,Tata Consultancy Services,Chennai,6-10 Yrs,6,10,Not Disclosed,0.0,0.0,Data Engineer,"Power Bi, Artificial Intelligence, Statistical Modeling, Machine Learning, Python, Data Analysis"
Data Analyst,Hitachi Digital Services,Hyderabad,2-5 Yrs,2,5,Not Disclosed,0.0,0.0,Data Analyst,"communication skillsbusiness requirements, data analysis, analytical, time management, statistics, sql"
Data Analysts,Icare Academy Hyderabad,Hyderabad,1-4 Yrs,1,4,Not Disclosed,0.0,0.0,Data Analyst,"analytics reporting, Automation, Data validation, C, Sales, Business analytics, Management, CSAT, digital transformation, Reporting tools"
Data Analyst,Godrej koerber Supply Chain Ltd,Mumbai,3-5 Yrs,3,5,Not Disclosed,0.0,0.0,Data Analyst,"Computer science, Process optimization, Excel, Analytical, Data collection, Data quality, Information technology, SQL, Logistics, Python"
Data Analyst I,Fluor,Gurugram,20-25 Yrs,20,25,Not Disclosed,0.0,0.0,Data Analyst,"3D, Administration, Staffing, Data Analyst, Management, Cost"
Data Analyst,Rockwell Automation,Pune,3-8 Yrs,3,8,Not Disclosed,0.0,0.0,Data Analyst,"Computer science, Automation, SAP, Production support, Hyperion, Agile, Analytics, SQL, CRM, Python"
Data Analyst,Bright Infotech,Mumbai,2-5 Yrs,2,5,Not Disclosed,0.0,0.0,Data Analyst,"tableau, Excel, power bi, Data Analyst, SQL, Python"
Data Analyst,Pioneer Infotech,Mumbai,2-7 Yrs,2,7,Not Disclosed,0.0,0.0,Data Analyst,"Computer science, Data analysis, PDF, data science, Analytical, power bi, Data quality, data visualization, SQL, Python"
Data Analyst,Saviynt,Bengaluru,2-7 Yrs,2,7,Not Disclosed,0.0,0.0,Data Analyst,"Automation, Data analysis, Data quality, Business strategy, data visualization, Operations, Analytics, SQL, Python"
Data Analyst,TVS Motor,Bengaluru,2-3 Yrs,2,3,Not Disclosed,0.0,0.0,Data Analyst,"python, data analysis, mathematics, bi, strong analytical skills, power bi, business analysis, problem solving, dashboards, sql"
Data Analyst,Maruti Suzuki,Bengaluru,3-8 Yrs,3,8,Not Disclosed,0.0,0.0,Data Analyst,"Data analysis, Technical writing, Analytical, Cognos, Data mining, cisco, Analytics, Monitoring, SQL, Python"
Data Analyst,Gokaldas Exports,Bengaluru,8-12 Yrs,8,12,Not Disclosed,0.0,0.0,IT & Information Security - Other,Power Bi
DATA ANALYST,Scaleup Mission IT services,Bengaluru,3-4 Yrs,3,4,Not Disclosed,0.0,0.0,Data Analyst,"Operations management, Operations Analyst, Data Analyst, HR, Business strategy"
Data Analyst,Grid Dynamics,Bengaluru,2-7 Yrs,2,7,Not Disclosed,0.0,0.0,Data Analyst,"Version control, GIT, GCP, MySQL, Cost management, Data processing, Data Analyst, Medical insurance, Analytics, SQL"
Engineer I - Postgres Developer and Data Analyst,American Express Global Business Travel,Bengaluru,5-10 Yrs,5,10,Not Disclosed,0.0,0.0,Data Analyst,"Data migration, Data analysis, Expense management, Analytical, Customer service, Business intelligence, Operations, Analytics, Recruitment, SQL"
Data Analyst,Rapsys Tech Solutions,Bengaluru,3-8 Yrs,3,8,Not Disclosed,0.0,0.0,Data Analyst,"Unix, Usage, GIT, GCP, Datastage, Control-M, Data Analyst, Data warehousing, SQL, Python"
Data Analyst,Smiths Detection,Bengaluru,2-7 Yrs,2,7,Not Disclosed,0.0,0.0,Software Development - Other,"ERP, SAP, Aviation, Analytical, Billing, DNS, HTML, Recruitment, Data extraction, Salesforce"
Engineer - Methods & Tools (Data Analyst),Premium Aerotec,Bengaluru,6-11 Yrs,6,11,Not Disclosed,0.0,0.0,Data Engineer,"PLM, ERP, Data analysis, Change management, Data modeling, Agile, Scrum, Analytics, SQL, Python"
Data Analyst,S&P Global Market Intelligence,Ahmedabad,2-5 Yrs,2,5,Not Disclosed,0.0,0.0,Data Analyst,"Java, Accounting, Analytical Skills, Sigma, Microsoft Office, Data Collection, Research, Workforce Planning, Supply Chain, Recruitment, Data Analyst"
Apprentice - Data Analyst,S&P Global Market Intelligence,Mumbai,1-2 Yrs,1,2,Not Disclosed,0.0,0.0,Data Analyst,"Financial Reporting, Sap, Compliance, Dispute Resolution, Finance, Research, Supply Chain, Financial Operations, Recruitment, Provident Fund, Data Analyst"
"Online Data Analyst - ""Punjabi""",TELUS Digital,India,2-5 Yrs,2,5,"50,000",50000.0,50000.0,IT Support - Other,"English, Data Analysis, Mapserver, Google Maps"
Data Analyst,Persistent,Pune,5-8 Yrs,5,8,Not Disclosed,0.0,0.0,IT Infrastructure Services - Other,database
Data Analyst L3,CGI,Mumbai,7-12 Yrs,7,12,Not Disclosed,0.0,0.0,Database Analyst,"python, oracle, data analysis, sqlite, data mining, ai, accounting, machine learning, sql, elasticsearch, data analyst"
Data Analyst - Chinese,S&P Global Market Intelligence,Gurugram,2-4 Yrs,2,4,Not Disclosed,0.0,0.0,Data Analyst,"Trade, Communication Skills, Private Equity, Capital Markets, Secondary Research, Finance, Process Improvement, Research, Analytics, Venture Capital, Data Analyst"
Hiring For Data Analyst,Virtusa,Hyderabad,5-10 Yrs,5,10,6.5-16.5 Lacs,650000.0,1650000.0,Data Science & Analytics - Other,"Bigquery, Csv, Data Analyst, JSON, Tableau, Looker, SQL"
Data Analyst,CGI,Hyderabad,5-8 Yrs,5,8,7-17 Lacs,700000.0,1700000.0,Data Engineer,Data Analysis
Data Analyst Outsourcing Services,Mazars,Jaipur,2-3 Yrs,2,3,Not Disclosed,0.0,0.0,Data Analyst,"Administration, Automation, Data validation, Manager Quality Assurance, Excel, data security, Standard operating procedures, Outsourcing, IT management, Data entry"
Data Analyst,Millennium Organisation,Mumbai (All Areas),2-4 Yrs,2,4,3-6 Lacs,300000.0,600000.0,Data Science & Analytics - Other,"Power Bi Reports, Pivot Table, Data Analysis, Formulas, Power Bi Dashboards"
Data Analyst,Photon,Chennai,8-13 Yrs,8,13,Not Disclosed,0.0,0.0,Data Analyst,"tableau, power bi, Data Analyst, SQL, Python"
Data Analyst,Reliance Games,Pune,2-5 Yrs,2,5,Not Disclosed,0.0,0.0,System Analyst,"Communication Skills, R, Social Media, Analytical Skills, Data Analysis, Data Visualization, Data Analyst, Tableau, Python, Sql"
Data Analyst,Umanist India,Navi Mumbai,9-11 Yrs,9,11,22.5-35 Lacs,2250000.0,3500000.0,"Merchandising, Retail & eCommerce - Other","EDA, GCP, Postgresql, Pandas, Plotly, E-commerce, Numpy, SQL, Python, Azure Cloud"
Data Privacy Analyst,Indusind Bank,Mumbai (All Areas),7-10 Yrs,7,10,20-25 Lacs,2000000.0,2500000.0,Chief Information Security Officer (CISO),data protection
Data Analyst,Cxc Global Com,Hyderabad,10-15 Yrs,10,15,18-33 Lacs,1800000.0,3300000.0,Data Science & Analytics - Other,GenAI
Data Analyst,Viaprom Technologies,Bengaluru,2-4 Yrs,2,4,Not Disclosed,0.0,0.0,Data Analyst,"python, data analysis, mathematics, version control, data processing, power bi, numpy, sql, pandas, analytics, data analyst"
Data Analyst,Dayforce,Bengaluru,2-7 Yrs,2,7,Not Disclosed,0.0,0.0,Data Analyst,"Computer science, Payroll, Manager Quality Assurance, Version control, Data management, Machine learning, Workflow, Scheduling, Data quality, Python"
Data Analyst,Pico Xpress,Bengaluru,3-5 Yrs,3,5,Not Disclosed,0.0,0.0,Data Analyst,"data pipelines, Data management, Data Analysis, data analyst"
Data Analyst,Tata Technologies,Pune,3-8 Yrs,3,8,Not Disclosed,0.0,0.0,Data Analyst,"snowflake, data analysis, power bi, regulatory compliance, sales, marketing, tableau, etl pipelines, automation, data science, data analyst"
Data Analyst,Bahwan CyberTek,Chennai,3-4 Yrs,3,4,Not Disclosed,0.0,0.0,Data Analyst,"Data analysis, Manager Quality Assurance, Version control, GIT, Information security, Data quality, Analytics, Reporting tools, SQL, Python"
Data Analyst,Stack Digital,Hubli,4-9 Yrs,4,9,Not Disclosed,0.0,0.0,Data Analyst,"Data analysis, Agile scrum, Data Analyst, FMCG, microsoft, consumer goods, Data warehousing, Analytics, SQL, data profiling"
Data Analyst,Simply Vyapar Apps,Bengaluru,2-4 Yrs,2,4,Not Disclosed,0.0,0.0,Data Analyst,"database maintenance, python, data analysis, sas, bi, power bi, problem solving, business intelligence, dashboards, sql"
Data Analyst,Bahwan CyberTek,Chennai,3-4 Yrs,3,4,Not Disclosed,0.0,0.0,Data Analyst,"data, data validation, bi, azure data factory, data pipeline, sql, analytics, git, oracle adf, writing"
Data Analyst,Cava Athleisure,Bengaluru,2-7 Yrs,2,7,Not Disclosed,0.0,0.0,Data Analyst,"Customer acquisition, Automation, SMS, Data quality, Rate analysis, Forecasting, Marketing strategy, Analytics, CRM, SQL"
Data Analyst,Lobotus Technology,Bengaluru,3-5 Yrs,3,5,Not Disclosed,0.0,0.0,Data Analyst,"Basic, Excel, VLOOKUP, Data processing, Data Analyst"
Data Analyst,Ecolab Global Services,Pune,6-8 Yrs,6,8,Not Disclosed,0.0,0.0,Data Analyst,"data analysis, data systems, data governance, etl, elt, sql, data analyst"
Data Analyst,Laundryheap Limited,Bengaluru,3-5 Yrs,3,5,Not Disclosed,0.0,0.0,Data Analyst,"Data analysis, Automation, Analytical, Data processing, Data structures, Forecasting, Analytics, SQL, Logistics, Python"
Data Analyst,Drishti Ferry,Mumbai,2-7 Yrs,2,7,Unpaid,,,Data Analyst,"Computer vision, Image processing, Intern, Database management, Machine learning, Programming, Data Analyst, Information technology, Python"
Data Analyst,Cantik Technologies Pvt Ltd,Hyderabad,7-15 Yrs,7,15,Not Disclosed,0.0,0.0,Data Analyst,"FX, Data Governance, Trade Finance, Corporate Lending, Swaps, Treasury, Data Flow, Requirement Gathering, Sql, Python, Data Analysis"
Data Analyst,Q-DAT IT SOLUTIONS PVT. LTD.,Bengaluru,1-3 Yrs,1,3,Not Disclosed,0.0,0.0,Business Analyst,"database maintenance, data analysis, strong analytical skills, documentation, problem solving, dashboards, database administration, excel, operations, advanced excel"
Data Analyst,Indium Software,Bengaluru,1-5 Yrs,1,5,Not Disclosed,0.0,0.0,Data Analyst,"SQL queries, Automation, Data analysis, Usage, Analytical, Data Analyst, Management, Python, Data extraction"
Data Analyst (AI & Data Platform),"Everbridge, Inc.",Bengaluru,2-5 Yrs,2,5,Not Disclosed,0.0,0.0,Data Analyst,"Data analysis, Coding, Business analytics, Analytical, Workflow, Business intelligence, Forecasting, Analytics, Recruitment, SQL"
Splunk Data Analyst,Apptad,Bengaluru,5-10 Yrs,5,10,Not Disclosed,0.0,0.0,Data Science & Analytics - Other,"Data Analysis, Tableau, Data Lake"
Data Analyst (Databricks),Everforth Quinnox,Bengaluru,4-9 Yrs,4,9,Not Disclosed,0.0,0.0,Other,"Adls Gen2, Azure Synapse, Pyspark, adf, GIT, Ci/Cd, Python, Power Bi"
Compliance Data Analyst,Payoneer,Bengaluru,3-8 Yrs,3,8,Not Disclosed,0.0,0.0,Data Analyst,"risk management, data analysis, strong analytical skills, credit card operations, pivot table, business analysis, vlookup, workforce management, business intelligence, excel"
Treasury Data Analyst,Payoneer,Bengaluru,1-4 Yrs,1,4,Not Disclosed,0.0,0.0,Data Analyst,"python, macros, data analysis, modeling, power bi, data automation, data pipeline, regulatory reporting, dashboards, business intelligence"
Data Analyst - I,Pice App,Bengaluru,1-3 Yrs,1,3,Not Disclosed,0.0,0.0,Data Analyst,"Automation, Product engineering, query optimization, orchestration, Postgresql, OLAP, Stakeholder management, Analytics, SQL, Python"
PMO/Data Analyst,Mastek,Navi Mumbai,1-2 Yrs,1,2,Not Disclosed,0.0,0.0,IT Consulting - Other,"Lookup, Pivot, MIS Reporting, VLOOKUP"
Data Analyst,Quarks Technosoft,Bengaluru,3-5 Yrs,3,5,Not Disclosed,0.0,0.0,Data Analyst,"Data analysis, Google Analytics, Web analytics, Business analysis, Business analytics, Analytical, Consulting, Business case, Operations, SQL"
Data Analyst III,Skan,Bengaluru,6-11 Yrs,6,11,Not Disclosed,0.0,0.0,Data Analyst,"Data analysis, SSRS, OLAP, SSIS, Business intelligence, microsoft, Data mining, Analytics, SQL, Python"
Data Analyst,Barracuda Networks,Bengaluru,1-3 Yrs,1,3,Not Disclosed,0.0,0.0,Data Analyst,"Data validation, Manager Quality Assurance, Business analytics, Analytical, Data quality, Business intelligence, Troubleshooting, Analytics, SQL, Python"
Data Analyst Compliance.New York Compliance,Mashreq Global Services,Bengaluru,5-7 Yrs,5,7,Not Disclosed,0.0,0.0,Data Analyst,"Automation, Production support, MIS, Analytical, PLSQL, Stored procedures, Macros, Monitoring, Financial services, Auditing"
Data Analyst,Diverse Lynx,Bengaluru,6-10 Yrs,6,10,Not Disclosed,0.0,0.0,Data Analyst,"Computer science, Data management, spark, Analytical, Senior Data Analyst, Data structures, Data processing, power bi, data privacy, Stakeholder management"
"Data and Tech Analyst, EIP, Livelihood Program",The/Nudge Institute,Guwahati,8-13 Yrs,8,13,Not Disclosed,0.0,0.0,Data Analyst,"python, macros, data analysis, data analytics, data management, data mining, predictive analytics, power bi, machine learning, sql"
Data Analyst - I,Pice App,Bengaluru,1-2 Yrs,1,2,Not Disclosed,0.0,0.0,Data Analyst,"Automation, Postgresql, Analytical, OLAP, Data processing, Data quality, Data Analyst, Operations, Python, Junior Data Analyst"
Data Analyst,Swiss Re,Bengaluru,1-4 Yrs,1,4,Not Disclosed,0.0,0.0,Data Analyst,"rally, azure devops, communication skills, jira"
Data Analyst,Hyperthink Systems,Bengaluru,2-5 Yrs,2,5,Not Disclosed,0.0,0.0,Data Analyst,"Data analysis, Data management, Project management, Machine learning, Data mining, Analytics, SQL, Python, SCADA"
Data Analyst,Neuralix Ai,Bengaluru,2-6 Yrs,2,6,Not Disclosed,0.0,0.0,Data Analyst,"Computer science, Data analysis, Trend analysis, Machine learning, Data collection, Predictive modeling, Data quality, Forecasting, SQL, Python"
Data Analyst,Growtharc Technologies,Bengaluru,8-13 Yrs,8,13,Not Disclosed,0.0,0.0,Business Analyst,"Root cause analysis, Excel, Sales operations, Agile scrum, Business Analyst, Business Data Analyst, Supply chain operations, Corporate finance, User acceptance testing, Business operations"
Data Analyst,Diverse Lynx,Bengaluru,5-7 Yrs,5,7,Not Disclosed,0.0,0.0,Data Analyst,"Basic, Excel, Senior Data Analyst, power bi, data visualization, AWS, SQL, Python, Scripting"
Data Analyst,Xoom,Bengaluru,1-6 Yrs,1,6,Not Disclosed,0.0,0.0,Data Analyst,"Procurement, Automation, Business objects, Excel, Management consulting, Stored procedures, Analytics, Financial services, Recruitment, SQL"
Data Analyst,Diverse Lynx,Bengaluru,5-8 Yrs,5,8,Not Disclosed,0.0,0.0,Data Analyst,Data Analyst
Data Analyst - People Success,Regalix,Bengaluru,2-6 Yrs,2,6,Not Disclosed,0.0,0.0,Data Analyst,"Career development, Data analysis, Analytical, power bi, Data Analyst, Advanced Excel, Business intelligence, Macros, Operations, performance measurement"
Data Governance and Data Analyst,Clifyx Technology,Bengaluru,7-12 Yrs,7,12,Not Disclosed,0.0,0.0,Data Analyst,"Data analysis, Data management, Analytical, Billing, data governance, Data quality, JSON, data visualization, Downstream, SQL"
Data Analyst,Awesome Analytics,Kolkata,1-4 Yrs,1,4,Not Disclosed,0.0,0.0,Data Analyst,"excel, macros, data analysis, vba, mis, advanced excel, msbi"
Data Analyst,Magic Bus,Noida,3-8 Yrs,3,8,Not Disclosed,0.0,0.0,Data Analyst,"data analysis, data management, dashboard development, data mining, presentation skills, pivot table, vlookup, analysis, excel, data presentation"
Data Analyst,Skit.ai,Bengaluru,1-3 Yrs,1,3,Not Disclosed,0.0,0.0,Data Analyst,"Product Analyst, Product quality, Data analysis, Google Analytics, Customer satisfaction, Machine learning, Agile, Data Analyst, SQL, Python"
Data Analyst,Exzeo Software,Kolkata,4-5 Yrs,4,5,Not Disclosed,0.0,0.0,Data Analyst,"GIS, IT services, Postgresql, Analytical, JSON, MongoDB, Selenium, Analytics, SQL, Python"
Data Analyst,Ahana Systems & Solutions,Bengaluru,1-4 Yrs,1,4,Not Disclosed,0.0,0.0,Data Analyst,"Automation, Process improvement, Marketing campaigns, model development, Data Analyst, banking products, Operations, Business banking, Analytics, Python"
Data Analyst,Altek Institution,Bengaluru,8-13 Yrs,8,13,Not Disclosed,0.0,0.0,Data Analyst,"Training, Data Analyst, Teaching"
Data Analyst,Pradeepit Consulting Services,Bengaluru,5-7 Yrs,5,7,Not Disclosed,0.0,0.0,Data Analyst,"SQL queries, Data analysis, Data Analyst, Data quality, data integrity, Mathematics, Informatica, Data warehousing, Statistics"
Data Analyst,Aeries Technology,Bengaluru,3-6 Yrs,3,6,Not Disclosed,0.0,0.0,Data Analyst,"driving, ssrs, power bi, data structures, etl, sql, communication skills, statistics"
Data Analyst,Superk,Bengaluru,1-2 Yrs,1,2,Not Disclosed,0.0,0.0,Data Analyst,"ERP, Data analysis, Demand planning, Demand forecasting, Process improvement, Online sales, Data Analyst, Analytics, SQL, Python"
Data Analyst,Etomate Technology,Bengaluru,1-4 Yrs,1,4,Not Disclosed,0.0,0.0,Data Analyst,"Business process, Process automation, ERP, process integration, Project management, Business analytics, Business intelligence, Macros, Analytics, CRM"
Data Analyst,Clifyx Technology,Bengaluru,1-4 Yrs,1,4,Not Disclosed,0.0,0.0,Data Analyst,"Billing, Data Analyst, microsoft"
Data Analyst,Thoucentric,Hubli,3-5 Yrs,3,5,Not Disclosed,0.0,0.0,Data Analyst,"Unix, Data analysis, Automation, Web analytics, Analytical, Consulting, Data processing, Windows, Adobe, SQL"
Splunk Data Analyst with Data Lake +SQL,Apptad,Hyderabad,5-9 Yrs,5,9,Not Disclosed,0.0,0.0,Data Science & Analytics - Other,"Amplitude, complex SQL, Tableau, Data Lake"
Data Analyst,Logic Planet,Bengaluru,3-12 Yrs,3,12,Not Disclosed,0.0,0.0,Business Analyst,"Analytical skills, Data analysis, Mentor, Application development, Application Lead, data visualization, Management"
Data Analyst ( Tableau ),Biz Tecno,Chandigarh,4-9 Yrs,4,9,Not Disclosed,0.0,0.0,Data Analyst,"tableau, query optimization, Business Analyst, data science, Analytical, Data Analyst, Windows, SQL, Python, alteryx"
Data Analyst,Logic Planet,Kolkata,3-6 Yrs,3,6,Not Disclosed,0.0,0.0,Data Analyst,"llm, data analyst, finance, healthcare"
Data Analyst,Chidhagni Consulting,Bengaluru,1-4 Yrs,1,4,Not Disclosed,0.0,0.0,Data Analyst,"microsoft office, emerging technologies, data analysis, design, statistical modeling, process improvement, visualization tools, data visualization, communication and interpersonal skills, machine learning"
Data Analyst,Indium Software,Bengaluru,1-4 Yrs,1,4,Not Disclosed,0.0,0.0,Data Analyst,"Data analysis, tableau, KPI, power bi, Data Analyst, data visualization, Stakeholder management, SQL, Python, performance measurement"
Data Analyst,Coforge,Greater Noida,2-4 Yrs,2,4,Not Disclosed,0.0,0.0,Healthcare & Life Sciences - Other,"Life Sciences, Healthcare Domain, Data Analysis, Power Bi"
Data Analyst,Miles,Bengaluru,5-10 Yrs,5,10,Not Disclosed,0.0,0.0,Data Analyst,"Computer science, Data analysis, Automation, Data validation, tableau, Analytical, Marketing operations, Data Analyst, Performance analysis, SQL"
Payer Data Analyst,Star4rall It Solutions,Kolkata,3-7 Yrs,3,7,Not Disclosed,0.0,0.0,Data Analyst,"Health insurance, Data analysis, Claims, Project estimation, Excel, Pharma, Agile, Healthcare, Data Analyst, data mapping"
data analyst,Etomate Technology,Bengaluru,2-7 Yrs,2,7,Not Disclosed,0.0,0.0,Data Analyst,"Com, Relationship Executive, Excel, Star, Database, Data Analyst, Business intelligence, Macros, Business Executive, Analytics"
Data Analyst,CAMSDATA,Bengaluru,2-8 Yrs,2,8,Not Disclosed,0.0,0.0,Data Analyst,"tableau, Google Analytics, Excel, MIS, query, Cloud, Data Analyst, SQL, Python, Data extraction"
Wind Data Analyst,First Source Energy India,Bengaluru,2-3 Yrs,2,3,Not Disclosed,0.0,0.0,Data Analyst,"Data analysis, Networking, Renewable energy, Mechanical, Data Analyst, wind energy, Data quality, Sensors, Cost, Electricals"
Data Analyst,Iflow,Bengaluru,6-11 Yrs,6,11,Not Disclosed,0.0,0.0,Data Analyst,"Statistical programming, Stakeholder Engagement, Data analysis, Analytical, Data collection, data visualization, Business intelligence, Continuous improvement, Operations, SQL"
Data Analyst,Plumgoodness,Bengaluru,1-3 Yrs,1,3,Not Disclosed,0.0,0.0,Data Analyst,"insurance, modeling, bi, anomaly detection, fintech, dashboards, sql, salesforce, bi tools, automation"
Data Analyst,TLD Group,Bengaluru,1-3 Yrs,1,3,Not Disclosed,0.0,0.0,Data Analyst,"erp, grafana, writing, power bi, erp user, communication skills, infor"
Data Analyst,Brickwork Ratings (BWR),Bengaluru,3-5 Yrs,3,5,Not Disclosed,0.0,0.0,Data Analyst,"MIS reporting, Loans, Bengali, Project finance, Analytical, Billing, Structured finance, Programming, data integrity, Credit rating"
Data Analyst,Gyantu,Kolkata,2-7 Yrs,2,7,Not Disclosed,0.0,0.0,Data Analyst,"Training, E-learning, Database design, Analytical, Database, Data Analyst, Troubleshooting, Data mining, Monitoring"
Data Analyst,Bombay Play,Bengaluru,1-3 Yrs,1,3,Not Disclosed,0.0,0.0,Data Analyst,"Data analysis, Analytical, Social media, Market research, Business intelligence, Digital marketing, Gaming, Analytics, SQL, Python"
Data Analyst,Usdc Global,Bengaluru,2-5 Yrs,2,5,Not Disclosed,0.0,0.0,Data Analyst,"Business analytics, Agile, Conceptualization, Programming, Data Analyst, data visualization, Research, Forecasting, SQL, Python"
Data Analyst,Grid Dynamics,Hyderabad,2-7 Yrs,2,7,Not Disclosed,0.0,0.0,Data Analyst,"Version control, GIT, GCP, MySQL, Cost management, Data processing, Data Analyst, Medical insurance, Analytics, SQL"
Data Analyst,Ivy Knowledge Services,Bengaluru,1-5 Yrs,1,5,Not Disclosed,0.0,0.0,Data Analyst,"Automation, Aviation, Data Analyst, Advanced Excel, Macros, Information technology, Financial services, Wholesale, SQL, Python"
Data Analyst,Myglamm,Mumbai,2-4 Yrs,2,4,Not Disclosed,0.0,0.0,Data Analyst,"Data analysis, Excel, Analytical, Data collection, Market research, data visualization, Private equity, SQL, Python"
Data Analyst,Rehoboth Academic Services,Bengaluru,2-7 Yrs,2,7,Not Disclosed,0.0,0.0,Data Analyst,"Excel, Report writing, Content writing, SEM, Data Analyst, MS Office, Statistics"
Data Analyst- aws services,Clifyx Technology,Bengaluru,2-5 Yrs,2,5,Not Disclosed,0.0,0.0,Data Analyst,"s3, team handling, emr, aws, data analyst, aws services, sql, communication skills"
Data Analyst,Credit Wise Capital Pvt. LTD.,Mumbai,5-8 Yrs,5,8,Not Disclosed,0.0,0.0,Data Analyst,"Loans, Data analysis, digital analytics, NBFC, Underwriting, Consumer finance, Analytical, Manager Technology, Portfolio management, Analytics"
Statistician/Data Analyst,Authenu,Bengaluru,2-7 Yrs,2,7,Not Disclosed,0.0,0.0,Non Tech Support - Non Voice,"Usage, Email, Data collection, Data Analyst, Problem, Subject Matter Expert, Research, Analyst 3, Statistics, WHO"
Data Analyst,Heptarc Talent Acquisition,Bengaluru,2-5 Yrs,2,5,Not Disclosed,0.0,0.0,Data Analyst,"data cleansing, Report generation, metadata, Manager Quality Assurance, data integrity, Data Analyst, Management, Troubleshooting, Data mining, Data warehousing"
Staff Data Analyst,Enphase Energy,Bengaluru,8-12 Yrs,8,12,Not Disclosed,0.0,0.0,Data Analyst,"Automation, Data management, Analytical, Process improvement, Data structures, Information technology, Monitoring, SQL, Python"
Staff Data Analyst,Coupang,Bengaluru,6-10 Yrs,6,10,Not Disclosed,0.0,0.0,Data Analyst,"Supply chain, Data analysis, Automation, Analytical, data integrity, korean, Forecasting, Analytics, SQL, Data extraction"
Data Analyst,Falcon Smart It,Bengaluru,2-6 Yrs,2,6,Not Disclosed,0.0,0.0,Quality Auditor / Inspector,"ERP, Data analysis, Publishing, Kaizen, Data Analyst, Advanced Excel, Powerpoint, Macros, Sharepoint, Inventory"
Data Analyst (Tableau & Python),Swits Digital,Bengaluru,3-6 Yrs,3,6,Not Disclosed,0.0,0.0,Data Analyst,"Performance tuning, Automation, MS SQL, Data modeling, MySQL, Stored procedures, Oracle, Teradata, Macros, Python"
Data Analyst,Grid Dynamics,Chennai,2-7 Yrs,2,7,Not Disclosed,0.0,0.0,Data Analyst,"Version control, GIT, GCP, MySQL, Cost management, Data processing, Data Analyst, Medical insurance, Analytics, SQL"
Data Analyst,Fleek,Bengaluru,1-2 Yrs,1,2,Not Disclosed,0.0,0.0,Data Analyst,"Data validation, Data modeling, Analytical, Healthcare, Manager Quality Control, Operations, Analytics, Wholesale, SQL, Data extraction"
Data Analyst,Rubick.AI,Bengaluru,1-3 Yrs,1,3,Not Disclosed,0.0,0.0,Data Analyst,"Computer science, data science, Machine learning, Data collection, power bi, Data Analyst, data visualization, Predictive analytics, SQL, Python"
Data Analysts,Prometheus Consulting,Bengaluru,2-3 Yrs,2,3,Not Disclosed,0.0,0.0,Back End Developer,"Supply chain, Process orientation, Business analytics, Analytical, Consulting, Market research, Data Analyst, Customer experience, Stakeholder management, SQL"
Data Analyst,Tech Stalwart Solution,Kolkata,6-9 Yrs,6,9,Not Disclosed,0.0,0.0,Data Analyst,"Data analysis, SCALA, Data Analyst, SQL, Python"
Data Analyst,Clifyx Technology,Bengaluru,1-4 Yrs,1,4,Not Disclosed,0.0,0.0,Data Analyst,"Backend, Excel, Schema, query, power bi, Data Analyst, AWS, SQL"
Data Analyst,Barclays,Pune,1-8 Yrs,1,8,Not Disclosed,0.0,0.0,Database Analyst,"Unix, Linux, Analytical, Scheduling, Business strategy, Assistant Vice President, Oracle, Stakeholder management, Operations, SQL"
BA / Data Analyst,Tekskills,Bengaluru,10-18 Yrs,10,18,Not Disclosed,0.0,0.0,Data Science & Analytics - Other,"Data Science, Big Data, Database"
Data Analyst,IDESLABS PRIVATE LIMITED,Bengaluru,4-6 Yrs,4,6,Not Disclosed,0.0,0.0,Data Analyst,"Business Intelligence, Administration, Agile Methodologies, Analytical Skills, Statistics, Analytics, Sql, Business Analysis, R, Business Growth, Data Analyst"
Data Analyst,Techmasters Infomatrix,Mumbai Suburban,8-12 Yrs,8,12,Not Disclosed,0.0,0.0,Business Intelligence & Analytics - Other,"data fabric, Power Bi, Amp, Hadoop, SQL, NLP, apache, Snowflake, Data Modeling, Data Warehousing, Financial Crimes"
"Data Analyst (NetSuite, Workday, Snowflake)
",IOSPL Technology Services Private Limited,Kolkata,5-10 Yrs,5,10,Not Disclosed,0.0,0.0,Data Analyst,"BI tools, ERP transition, Snowflake, R Language, Data Analysis, Workday, SQL, Python, NetSuite"
Data Analyst,Black And White Business Solutions,Hyderabad,8-13 Yrs,8,13,17-25 Lacs,1700000.0,2500000.0,IT & Information Security - Other,Snowflake
Data Analyst,Black And White Business Solutions,Hyderabad,8-10 Yrs,8,10,15-20 Lacs,1500000.0,2000000.0,Software Development - Other,Snowflake
Petrophysics Data Analyst-G&G Ops Specialist,BCFORWARD INDIA TECHNOLOGIES PRIVATE LIMITED,Bangalore Rural,5-10 Yrs,5,10,Not Disclosed,0.0,0.0,IT Consulting - Other,"G&G Ops, Geomechanics, troubleshooting, requirement management system, petrophysics, Data analysis"
Data Analyst,Naukri E Hire Campaign,Hyderabad,7-10 Yrs,7,10,Not Disclosed,0.0,0.0,Business Intelligence & Analytics - Other,"Data Quality, Data Migration, Databricks"
Data Analyst,MS Guide World,Bengaluru,5-10 Yrs,5,10,Not Disclosed,0.0,0.0,Data Analyst,"Data analysis, Version control, Linux, Talent acquisition, Windows, data visualization, Analytics, Python, Recruitment"
Petrophysics Data Analyst-G&G Ops Specialist 5+ Yrs,BCFORWARD INDIA TECHNOLOGIES PRIVATE LIMITED,Bengaluru,5-10 Yrs,5,10,Not Disclosed,0.0,0.0,IT Consulting - Other,"G&G Ops, Geomechanics, troubleshooting, requirement management system, petrophysics, Data analysis"
Petrophysics Data Analyst-G&G Ops Specialist,BCFORWARD INDIA TECHNOLOGIES PRIVATE LIMITED,Bengaluru,5-10 Yrs,5,10,Not Disclosed,0.0,0.0,IT Consulting - Other,"G&G Ops, Geomechanics, troubleshooting, requirement management system, petrophysics, Data analysis"
Data Analyst,Han Digital Solution,Hubli,1-2 Yrs,1,2,Not Disclosed,0.0,0.0,Data Analyst,"Microstrategy, Data analysis, SAS, Db2, Coding, MySQL, Agile, Oracle, Business intelligence, Risk management"
Data Analyst,Acme Services,Bengaluru,2-5 Yrs,2,5,Not Disclosed,0.0,0.0,Data Analyst,"data science, Programming, Data Analyst, Forecasting, Statistics, Testing, SQL, Python"
Data Analyst,Acme Services,Bengaluru,2-5 Yrs,2,5,Not Disclosed,0.0,0.0,Business Analyst,"Interpersonal skills, Business Analyst, Analytical, Programming, Database, Manager Technology, Data quality, Data Analyst, Cost benefit analysis, SQL"
Data Analyst,Z2plus Placement & Security Agency Pvt. Ltd.,Bengaluru,2-5 Yrs,2,5,Not Disclosed,0.0,0.0,Software Development - Other,"Industry research, Marketing programs, Statistical modeling, SQL database, Data modeling, management, Business excellence, Data mining, Database Administrator, Python"
Data Analyst,Xpheno,Bengaluru,2-4 Yrs,2,4,Not Disclosed,0.0,0.0,Business Analyst,"Lean manufacturing, Analytical, Data Analyst, Management, Data mining, Continuous improvement, Operations, Cost, SQL, Business operations"
AI Engineer / Data Analyst,Meru Software,Hyderabad,2-5 Yrs,2,5,Not Disclosed,0.0,0.0,Data Engineer,"Machine learning, Data Analyst, SQL, Python"
Engineer/Data Analyst,Mycitynagpur,Nagpur,5-8 Yrs,5,8,Not Disclosed,0.0,0.0,Software Development - Other,Data Analyst
Data Analyst,Sharp Mint,Muzaffarnagar,3-5 Yrs,3,5,2.5-4.75 Lacs,250000.0,475000.0,Data Science & Analytics - Other,"Business Consulting, Financial Analytics, Data Analysis, Python, Business Strategy"
Data Analyst,GS1 India,Chennai,8-13 Yrs,8,13,9-15 Lacs,900000.0,1500000.0,Data Analyst,"Azure Data Warehouse, Bi Tools, Azure Databricks, Advanced Excel, Mongo DB, Azure SQL, Azure Synapse, Data Quality, Master Data Management, Azure storage gen 2, Power Bi"
Data Governance Analyst,Alstom,Bengaluru,4-7 Yrs,4,7,Not Disclosed,0.0,0.0,Data Analyst,"Change Management, Communication Skills, Data Quality, Power Bi, Data Analysis, Data Catalog, Data Visualization, Data Modeling, Onboarding, Sql, Data Governance"
Data Catalog Analyst,Alstom,Bengaluru,3-6 Yrs,3,6,Not Disclosed,0.0,0.0,Data Analyst,"medical, apr, data management, metadata standards, user stories, change management, data modeling, design, data governance, onboarding, data catalog"
Data Analyst - 5+Year Experienced @10LPA- Ahmedabad,Arise Solutions,Ahmedabad,5-10 Yrs,5,10,8-11 Lacs,800000.0,1100000.0,Data Analyst,"Power Bi, Data Analysis, Travel Coordination, Business Intelligence"
Data Analyst,Prominent Consultant,Vadodara,5-10 Yrs,5,10,6-8 Lacs,600000.0,800000.0,Data Analyst,"Power Bi, Data Analysis, Data Visualization, Tableau, Data Analytics, Data Analyst"
Data Governance Analyst,Careernet,Bengaluru,4-7 Yrs,4,7,Not Disclosed,0.0,0.0,Business Analyst,"Data Management, Collibra"
Data Analyst I - AMS,Nordson Corporation,Remote,2-5 Yrs,2,5,Not Disclosed,0.0,0.0,Data Analyst,"Data analysis, Automation, Analytical, Predictive modeling, Troubleshooting, Data mining, Business intelligence, SQL, Data extraction"
Data Analyst,LRN Corporation,Mumbai,4-9 Yrs,4,9,Not Disclosed,0.0,0.0,Data Analyst,"Data analysis, Sales, Analytical, commercial strategy, Workflow, Data Analyst, Reporting tools, SQL, Auditing, Salesforce"
Data Analyst,Luxoft,Noida,6-8 Yrs,6,8,Not Disclosed,0.0,0.0,Data Analyst,"Enterprise Applications, Automation, It Operations, Aviation, It Services, Stakeholder Communication, Analytics, Automation Tools, Service Delivery, Cloud, data analyst"
Data Analyst,Squircle IT,Gurugram,3-8 Yrs,3,8,Not Disclosed,0.0,0.0,Data Science & Analytics - Other,"Data analysis, Excel, query, Data collection, Data Analyst, Management, Powerpoint"
Data Analyst,Cision,Remote,4-5 Yrs,4,5,Not Disclosed,0.0,0.0,Data Analyst,"Data analysis, Excel, Skill development, Coding, Social media, Genetics, data privacy, Data Analyst, Continuous improvement"
Data Analyst,Eulerity,Pune,3-8 Yrs,3,8,Not Disclosed,0.0,0.0,Data Analyst,"Data analysis, Manager Quality Assurance, Business analytics, Javascript, Account management, Troubleshooting, Business intelligence, Monitoring, SQL, Auditing"
Data Analyst,HMH Technology Private Limited,Pune,3-7 Yrs,3,7,Not Disclosed,0.0,0.0,Data Analyst,"ETL, Data analyst"
Data Analyst,Kiya.ai,Chennai,5-10 Yrs,5,10,Not Disclosed,0.0,0.0,Data Analyst,"Data Analysis, Dashboards AND Executive reporting"
Data Analyst,Facctum,Pune,2-3 Yrs,2,3,Not Disclosed,0.0,0.0,Data Analyst,"Data analysis, Automation, Compliance, Analytical, Flex, Data quality, data integrity, Data Analyst, Test case design, Python"
Data Analyst,Momento Cybertech Solutions,India,3-5 Yrs,3,5,Not Disclosed,0.0,0.0,"BFSI, Investments & Trading - Other",Visualization Tools
Data Analyst AI ML,Getronics,Chennai,4-6 Yrs,4,6,Not Disclosed,0.0,0.0,Data Science & Machine Learning - Other,"Aiml, Power Bi"
Data Analyst,elevate,Chandigarh,2-5 Yrs,2,5,3-5 Lacs,300000.0,500000.0,Business Intelligence & Analytics - Other,"VLOOKUP, Pivot, Macros, MS Excel"
Data Analyst,Valenta Bpo Solutions,Nashik,3-4 Yrs,3,4,Not Disclosed,0.0,0.0,Data Analyst,"Online research, Administration, Basic, Data management, Data Analyst, Management, Supervision, Data entry, CRM"
Data Analyst,Valenta Bpo Solutions,New Delhi,3-4 Yrs,3,4,Not Disclosed,0.0,0.0,Data Analyst,"Online research, Administration, Basic, Data management, Data Analyst, Management, Supervision, Data entry, CRM"
Data Analyst,Brainware University,Kolkata,5-10 Yrs,5,10,3.5-7 Lacs,350000.0,700000.0,Teaching & Training - Other,"Machine Learning Algorithms, Data Visualization, Tableau, commerce, Machine Learning, SQL, Data Science"
DATA ANALYST,Kilonewtons,Hyderabad,5-10 Yrs,5,10,Not Disclosed,0.0,0.0,Data Analyst,"Data analysis, Statistical analysis, GCP, Machine learning, data integrity, Data Analyst, data visualization, Analytics, SQL, Python"
Site Data Analyst,Apraava Renewable Energy,Jaipur,4-9 Yrs,4,9,Not Disclosed,0.0,0.0,Data Analyst,"Project implementation, Compliance, Relationship, Gap analysis, Data Analyst, SCM, Functionality testing, Principal, Team coordination, Auditing"
Data Analyst,Rezo,Noida,5-7 Yrs,5,7,Not Disclosed,0.0,0.0,Data Analyst,"SQL queries, Data analysis, Database design, Report writing, Data collection, Design development, Data Analyst, Data mining, Analytics, database development"
Data Analyst,Guidehouse,Chennai,1-6 Yrs,1,6,Not Disclosed,0.0,0.0,Database Administrator,"Process automation, MIS reporting, SAN, Backend, Data analysis, Excel, Staffing, Resource management, Macros, Analytics"
"Python Data Analyst (Indore, Full Time)",MavenMagnet,Indore,1-3 Yrs,1,3,Not Disclosed,0.0,0.0,Data Analyst,"xlwings, SciPy, Pandas, AI, NumPy, openpyxl, Python"
Data Analyst,Syneos Health,Gurugram,3-8 Yrs,3,8,Not Disclosed,0.0,0.0,Data Analyst,"Career development, Field operations, Pharma, Agile, Healthcare, Life sciences, HTTP, Business intelligence, CRM, Python"
Data analyst,Hinduja Housing Finance,Chennai,3-7 Yrs,3,7,Not Disclosed,0.0,0.0,Data Analyst,"Excel, Qlik sense, Dashboards, Dashboard Development, Reporting, Power BI"
Data Analyst ( CCLF),Bandi Informatics,Chennai,1-2 Yrs,1,2,Not Disclosed,0.0,0.0,Data Analyst,"data analysis, analytical, interpretation, process improvement, problem solving"
Packaging Data Analyst,McCormick India,Gurugram,3-5 Yrs,3,5,Not Disclosed,0.0,0.0,Data Analyst,"Master Data Governance, S/4HANA, SAP, Packaging Engineering, Data Analysis"
Data Analyst,Swaas Systems,Chennai,3-7 Yrs,3,7,Not Disclosed,0.0,0.0,Data Science & Analytics - Other,"Oracle SQL, Snowflake, Data Analysis, Data Warehousing, Data Bricks, Python, Excel"
Data Analyst,360DigiTMG,Hyderabad,1-2 Yrs,1,2,Unpaid,,,Data Analyst,"Intern, data security, Analytical, Artificial Intelligence, Data Analyst, Business intelligence, Troubleshooting, Internship, Python, Data extraction"
Sustainability Data Analyst,BSI Group,New Delhi,4-5 Yrs,4,5,Not Disclosed,0.0,0.0,Data Analyst,"Data analysis, Automation, ISO, Aerospace, Analytical, Reconciliation, Data collection, Healthcare, Automotive, Auditing"
Data Analyst,Wissen Technology,Hyderabad,3-6 Yrs,3,6,Not Disclosed,0.0,0.0,Data Analyst,"analytical, bi, capital market, dashboards, equity, sql, derivatives, bi tools, fx, data modeling"
Data Analyst,Tecqubes Technologies,Navi Mumbai,2-4 Yrs,2,4,7-10 Lacs,700000.0,1000000.0,Healthcare & Life Sciences - Other,"Macros, Visualizing"
Data Analyst - Manufacturing Industry,African Industries,Nigeria,3-8 Yrs,3,8,20-35 Lacs,2000000.0,3500000.0,Data Science & Analytics - Other,"Predictive Modeling, Advanced Analytics, Statistical Modeling, Dashboards, Tableau, SQL, Power Bi"
SEO Data Analyst,Newfold Digital,Mumbai,4-6 Yrs,4,6,Not Disclosed,0.0,0.0,Data Analyst,"CRO, Health insurance, Data analysis, Web analytics, Analytical, SEO, Oracle, Analytics, CRM, SQL"
Data Analyst IV,Info Services,Hyderabad,10-20 Yrs,10,20,Not Disclosed,0.0,0.0,Data Science & Analytics - Other,"Validating reports, ETL, Data Validation"
Data Analyst,RheinBrcke IT Consulting,Chennai,4-9 Yrs,4,9,Not Disclosed,0.0,0.0,Data Analyst,"SQL queries, Analytical, SSRS, data governance, Performance optimization, power bi, Data Analyst, SSIS, Business intelligence, Data extraction"
Data Analyst,Amrita Vishwa Vidyapeetham,Kollam,1-3 Yrs,1,3,Not Disclosed,0.0,0.0,Data Analyst,"Supply chain, Networking, Operations planning, Strategic planning, Data Analyst, Merchandising, Operations, Analytics, Inventory, Teaching"
Data Analyst,Payoneer,Gurugram,1-3 Yrs,1,3,Not Disclosed,0.0,0.0,Data Analyst,"python, data analysis, sql queries, data validation, bi, data processing, power bi, business analysis, data engineering, dashboards"
Claims Data Analyst,Paktolus Solutions,Mumbai (All Areas),3-6 Yrs,3,6,5-8 Lacs,500000.0,800000.0,IT & Information Security - Other,"Risk Assessment, claims support, documentation, Claims Adjudication, Claims Processing, Claims"
Data Analyst,Csk Technologies,Noida,1-4 Yrs,1,4,Not Disclosed,0.0,0.0,Data Analyst,"Data analysis, Excel, Analytical, Data collection, data visualization, Digital marketing, Operations, CRM, SQL, Python"
Data Analyst,Airtel Payments Bank,Gurugram,2-5 Yrs,2,5,Not Disclosed,0.0,0.0,Business Analyst,"Oracle SQL, Quicksight, Data Analysis, Data Visualization, Power Bi"
Data Analyst,Bestpeers Infosystem,Indore,5-7 Yrs,5,7,Not Disclosed,0.0,0.0,Data Analyst,"Data analysis, Statistical analysis, Data management, Process improvement, data integrity, Data Analyst, data visualization, SQL, Python"
Data Analyst,Int9 Solutions,Pune,5-10 Yrs,5,10,Not Disclosed,0.0,0.0,BI Architect,"Computer science, Automation, Networking, Analytical, Consulting, Oracle, microsoft, Troubleshooting, Analytics, Python"
Packaging Data Analyst,McCormick India,Gurugram,3-5 Yrs,3,5,Not Disclosed,0.0,0.0,Data Analyst,"Supply chain, ERP, Assurance, SAP, Operational excellence, Process improvement, Analytical, Workflow, Data Analyst, Continuous improvement"
Data Analyst,Weather Risk Management Services,Gurugram,3-4 Yrs,3,4,Not Disclosed,0.0,0.0,Data Analyst,"matlab, project management, python, modeling, data analysis, statistical techniques, software testing, management skills, simulation, forecasting"
Data Analyst,RightWave InfoSolutions (Pvt) Ltd.,Noida,3-8 Yrs,3,8,Not Disclosed,0.0,0.0,Data Analyst,"Process design, Google Analytics, Linguistics, Market research, Data quality, Data Analyst, Reporting tools, CRM, Logistics, marketing automation"
Data Analyst,Better Mortgage,Gurugram,3-8 Yrs,3,8,Not Disclosed,0.0,0.0,Data Analyst,"Loans, Automation, Data analysis, Data modeling, Analytical, Underwriting, Reconciliation, Variance analysis, Recruitment, SQL"
Data Analyst,Lorven Technologies,Chennai,3-8 Yrs,3,8,Not Disclosed,0.0,0.0,Data Analyst,"HP data protector, Analytical, HIPAA, Agile, Healthcare, Data processing, data visualization, Analytics, SQL, Python"
Data Analyst,Straive,Chennai,2-6 Yrs,2,6,Not Disclosed,0.0,0.0,Other,"Amazon Redshift, Redshift Aws, Redshift Db, ETL, Elt, AWS, EMR"
Data Analyst,Sparix Global,Noida,5-10 Yrs,5,10,Not Disclosed,0.0,0.0,Data Analyst,"Data analysis, Automation, Data validation, Healthcare, Appeals, Cosmos, Operations, Analytics, SQL, Auditing"
Data Analyst,Wonderskool,Panchkula,2-7 Yrs,2,7,Not Disclosed,0.0,0.0,Data Analyst,"Data analysis, SAS, Data management, Healthcare, Data mining, Risk management, Analytics, Counselling, SQL, Logistics"
Excel Data Analyst,Ivy Knowledge Services,Mumbai,5-10 Yrs,5,10,Not Disclosed,0.0,0.0,Data Analyst,"Linux, SAS, MIS, Agile, Data structures, VB, microsoft, Open source, SQL, Python"
Data Analyst,HRS Group,Mohali,5-10 Yrs,5,10,Not Disclosed,0.0,0.0,Data Analyst,"Procurement, Microstrategy, customer analytics, Automation, Marketing operations, Team Leader, Stakeholder management, Forecasting, SQL, Python"
Data Analyst - FinBox,Finbox,Gurugram,2-4 Yrs,2,4,Not Disclosed,0.0,0.0,Data Analyst,"Computer science, Business objects, SAS, Database design, XML, Javascript, SPSS, Data mining, Financial services, SQL"
Data Analyst,Creditsafe,Hyderabad,2-8 Yrs,2,8,Not Disclosed,0.0,0.0,Data Analyst,"Data analysis, Manager Quality Assurance, Business transformation, Data management, Process improvement, Customer retention, Data quality, Business intelligence, Continuous improvement, Gaming"
Data Analyst,Rubrix Analytics,Ernakulam,1-6 Yrs,1,6,1-2.25 Lacs,100000.0,225000.0,Technical Operations (Tech Ops),"Google Sheets, Excel Sheet, Excel"
